Importo	Importo Scontato	Imponibile	Imposta	 Iva % 	Sconto %	Valore sconto	TipoDocumento	sep	Importo	Importo Scontato	Imponibile	Imposta	 Iva % 	Sconto %	Valore sconto	TipoDocumento		Contante	eletronico	credito	totale	resto	tichet	assegno	4	10	22	EE	NS	NI	ES	RM	AL		4	10	22	EE	NS	NI	ES	RM	AL		4	10	22	EE	NS	NI	ES	RM	AL
160,65	150	122,95	27,05	22	6,63	10,65	DC	0	50	50	48,08	1,92	4	0	0	DC		0	0	0	0	0	0	0	=SE(E($E2=Z$1;$H2="DC";$B2>0);$B2;0)+SE(E($N2=Z$1;$Q2="DC";$K2>0);$K2;0)	=SE(E($E2=AA$1;$H2="DC";$B2>0);$B2;0)+SE(E($N2=AA$1;$Q2="DC";$K2>0);$K2;0)	=SE(E($E2=AB$1;$H2="DC";$B2>0);$B2;0)+SE(E($N2=AB$1;$Q2="DC";$K2>0);$K2;0)	=SE(E($E2=AC$1;$H2="DC";$B2>0);$B2;0)+SE(E($N2=AC$1;$Q2="DC";$K2>0);$K2;0)	=SE(E($E2=AD$1;$H2="DC";$B2>0);$B2;0)+SE(E($N2=AD$1;$Q2="DC";$K2>0);$K2;0)	=SE(E($E2=AE$1;$H2="DC";$B2>0);$B2;0)+SE(E($N2=AE$1;$Q2="DC";$K2>0);$K2;0)	=SE(E($E2=AF$1;$H2="DC";$B2>0);$B2;0)+SE(E($N2=AF$1;$Q2="DC";$K2>0);$K2;0)	=SE(E($E2=AG$1;$H2="DC";$B2>0);$B2;0)+SE(E($N2=AG$1;$Q2="DC";$K2>0);$K2;0)	=SE(E($E2=AH$1;$H2="DC";$B2>0);$B2;0)+SE(E($N2=AH$1;$Q2="DC";$K2>0);$K2;0)		=SE(E($E2=AJ$1;$H2="ADC";$B2>0);$B2;0)+SE(E($N2=AJ$1;$Q2="ADC";$K2>0);$K2;0)	=SE(E($E2=AK$1;$H2="ADC";$B2>0);$B2;0)+SE(E($N2=AK$1;$Q2="ADC";$K2>0);$K2;0)	=SE(E($E2=AL$1;$H2="ADC";$B2>0);$B2;0)+SE(E($N2=AL$1;$Q2="ADC";$K2>0);$K2;0)	=SE(E($E2=AM$1;$H2="ADC";$B2>0);$B2;0)+SE(E($N2=AM$1;$Q2="ADC";$K2>0);$K2;0)	=SE(E($E2=AN$1;$H2="ADC";$B2>0);$B2;0)+SE(E($N2=AN$1;$Q2="ADC";$K2>0);$K2;0)	=SE(E($E2=AO$1;$H2="ADC";$B2>0);$B2;0)+SE(E($N2=AO$1;$Q2="ADC";$K2>0);$K2;0)	=SE(E($E2=AP$1;$H2="ADC";$B2>0);$B2;0)+SE(E($N2=AP$1;$Q2="ADC";$K2>0);$K2;0)	=SE(E($E2=AQ$1;$H2="ADC";$B2>0);$B2;0)+SE(E($N2=AQ$1;$Q2="ADC";$K2>0);$K2;0)	=SE(E($E2=AR$1;$H2="ADC";$B2>0);$B2;0)+SE(E($N2=AR$1;$Q2="ADC";$K2>0);$K2;0)		=SE(E($E2=AT$1;$H2="RDC";$B2>0);$B2;0)+SE(E($N2=AT$1;$Q2="RDC";$K2>0);$K2;0)	=SE(E($E2=AU$1;$H2="RDC";$B2>0);$B2;0)+SE(E($N2=AU$1;$Q2="RDC";$K2>0);$K2;0)	=SE(E($E2=AV$1;$H2="RDC";$B2>0);$B2;0)+SE(E($N2=AV$1;$Q2="RDC";$K2>0);$K2;0)	=SE(E($E2=AW$1;$H2="RDC";$B2>0);$B2;0)+SE(E($N2=AW$1;$Q2="RDC";$K2>0);$K2;0)	=SE(E($E2=AX$1;$H2="RDC";$B2>0);$B2;0)+SE(E($N2=AX$1;$Q2="RDC";$K2>0);$K2;0)	=SE(E($E2=AY$1;$H2="RDC";$B2>0);$B2;0)+SE(E($N2=AY$1;$Q2="RDC";$K2>0);$K2;0)	=SE(E($E2=AZ$1;$H2="RDC";$B2>0);$B2;0)+SE(E($N2=AZ$1;$Q2="RDC";$K2>0);$K2;0)	=SE(E($E2=BA$1;$H2="RDC";$B2>0);$B2;0)+SE(E($N2=BA$1;$Q2="RDC";$K2>0);$K2;0)	=SE(E($E2=BB$1;$H2="RDC";$B2>0);$B2;0)+SE(E($N2=BB$1;$Q2="RDC";$K2>0);$K2;0)
0	200	171,03	28,97	0	0	0	TOTALE	0	0	0	0	0	0	0	0	0		150	35	10	200	0	5	0	=SE(E($E3=Z$1;$H3="DC";$B3>0);$B3;0)+SE(E($N3=Z$1;$Q3="DC";$K3>0);$K3;0)	=SE(E($E3=AA$1;$H3="DC";$B3>0);$B3;0)+SE(E($N3=AA$1;$Q3="DC";$K3>0);$K3;0)	=SE(E($E3=AB$1;$H3="DC";$B3>0);$B3;0)+SE(E($N3=AB$1;$Q3="DC";$K3>0);$K3;0)	=SE(E($E3=AC$1;$H3="DC";$B3>0);$B3;0)+SE(E($N3=AC$1;$Q3="DC";$K3>0);$K3;0)	=SE(E($E3=AD$1;$H3="DC";$B3>0);$B3;0)+SE(E($N3=AD$1;$Q3="DC";$K3>0);$K3;0)	=SE(E($E3=AE$1;$H3="DC";$B3>0);$B3;0)+SE(E($N3=AE$1;$Q3="DC";$K3>0);$K3;0)	=SE(E($E3=AF$1;$H3="DC";$B3>0);$B3;0)+SE(E($N3=AF$1;$Q3="DC";$K3>0);$K3;0)	=SE(E($E3=AG$1;$H3="DC";$B3>0);$B3;0)+SE(E($N3=AG$1;$Q3="DC";$K3>0);$K3;0)	=SE(E($E3=AH$1;$H3="DC";$B3>0);$B3;0)+SE(E($N3=AH$1;$Q3="DC";$K3>0);$K3;0)		=SE(E($E3=AJ$1;$H3="ADC";$B3>0);$B3;0)+SE(E($N3=AJ$1;$Q3="ADC";$K3>0);$K3;0)	=SE(E($E3=AK$1;$H3="ADC";$B3>0);$B3;0)+SE(E($N3=AK$1;$Q3="ADC";$K3>0);$K3;0)	=SE(E($E3=AL$1;$H3="ADC";$B3>0);$B3;0)+SE(E($N3=AL$1;$Q3="ADC";$K3>0);$K3;0)	=SE(E($E3=AM$1;$H3="ADC";$B3>0);$B3;0)+SE(E($N3=AM$1;$Q3="ADC";$K3>0);$K3;0)	=SE(E($E3=AN$1;$H3="ADC";$B3>0);$B3;0)+SE(E($N3=AN$1;$Q3="ADC";$K3>0);$K3;0)	=SE(E($E3=AO$1;$H3="ADC";$B3>0);$B3;0)+SE(E($N3=AO$1;$Q3="ADC";$K3>0);$K3;0)	=SE(E($E3=AP$1;$H3="ADC";$B3>0);$B3;0)+SE(E($N3=AP$1;$Q3="ADC";$K3>0);$K3;0)	=SE(E($E3=AQ$1;$H3="ADC";$B3>0);$B3;0)+SE(E($N3=AQ$1;$Q3="ADC";$K3>0);$K3;0)	=SE(E($E3=AR$1;$H3="ADC";$B3>0);$B3;0)+SE(E($N3=AR$1;$Q3="ADC";$K3>0);$K3;0)		=SE(E($E3=AT$1;$H3="RDC";$B3>0);$B3;0)+SE(E($N3=AT$1;$Q3="RDC";$K3>0);$K3;0)	=SE(E($E3=AU$1;$H3="RDC";$B3>0);$B3;0)+SE(E($N3=AU$1;$Q3="RDC";$K3>0);$K3;0)	=SE(E($E3=AV$1;$H3="RDC";$B3>0);$B3;0)+SE(E($N3=AV$1;$Q3="RDC";$K3>0);$K3;0)	=SE(E($E3=AW$1;$H3="RDC";$B3>0);$B3;0)+SE(E($N3=AW$1;$Q3="RDC";$K3>0);$K3;0)	=SE(E($E3=AX$1;$H3="RDC";$B3>0);$B3;0)+SE(E($N3=AX$1;$Q3="RDC";$K3>0);$K3;0)	=SE(E($E3=AY$1;$H3="RDC";$B3>0);$B3;0)+SE(E($N3=AY$1;$Q3="RDC";$K3>0);$K3;0)	=SE(E($E3=AZ$1;$H3="RDC";$B3>0);$B3;0)+SE(E($N3=AZ$1;$Q3="RDC";$K3>0);$K3;0)	=SE(E($E3=BA$1;$H3="RDC";$B3>0);$B3;0)+SE(E($N3=BA$1;$Q3="RDC";$K3>0);$K3;0)	=SE(E($E3=BB$1;$H3="RDC";$B3>0);$B3;0)+SE(E($N3=BB$1;$Q3="RDC";$K3>0);$K3;0)
160,65	150	122,95	27,05	22	6,63	10,65	ADC	0	50	50	48,08	1,92	4	0	0	ADC		0	0	0	0	0	0	0	=SE(E($E4=Z$1;$H4="DC";$B4>0);$B4;0)+SE(E($N4=Z$1;$Q4="DC";$K4>0);$K4;0)	=SE(E($E4=AA$1;$H4="DC";$B4>0);$B4;0)+SE(E($N4=AA$1;$Q4="DC";$K4>0);$K4;0)	=SE(E($E4=AB$1;$H4="DC";$B4>0);$B4;0)+SE(E($N4=AB$1;$Q4="DC";$K4>0);$K4;0)	=SE(E($E4=AC$1;$H4="DC";$B4>0);$B4;0)+SE(E($N4=AC$1;$Q4="DC";$K4>0);$K4;0)	=SE(E($E4=AD$1;$H4="DC";$B4>0);$B4;0)+SE(E($N4=AD$1;$Q4="DC";$K4>0);$K4;0)	=SE(E($E4=AE$1;$H4="DC";$B4>0);$B4;0)+SE(E($N4=AE$1;$Q4="DC";$K4>0);$K4;0)	=SE(E($E4=AF$1;$H4="DC";$B4>0);$B4;0)+SE(E($N4=AF$1;$Q4="DC";$K4>0);$K4;0)	=SE(E($E4=AG$1;$H4="DC";$B4>0);$B4;0)+SE(E($N4=AG$1;$Q4="DC";$K4>0);$K4;0)	=SE(E($E4=AH$1;$H4="DC";$B4>0);$B4;0)+SE(E($N4=AH$1;$Q4="DC";$K4>0);$K4;0)		=SE(E($E4=AJ$1;$H4="ADC";$B4>0);$B4;0)+SE(E($N4=AJ$1;$Q4="ADC";$K4>0);$K4;0)	=SE(E($E4=AK$1;$H4="ADC";$B4>0);$B4;0)+SE(E($N4=AK$1;$Q4="ADC";$K4>0);$K4;0)	=SE(E($E4=AL$1;$H4="ADC";$B4>0);$B4;0)+SE(E($N4=AL$1;$Q4="ADC";$K4>0);$K4;0)	=SE(E($E4=AM$1;$H4="ADC";$B4>0);$B4;0)+SE(E($N4=AM$1;$Q4="ADC";$K4>0);$K4;0)	=SE(E($E4=AN$1;$H4="ADC";$B4>0);$B4;0)+SE(E($N4=AN$1;$Q4="ADC";$K4>0);$K4;0)	=SE(E($E4=AO$1;$H4="ADC";$B4>0);$B4;0)+SE(E($N4=AO$1;$Q4="ADC";$K4>0);$K4;0)	=SE(E($E4=AP$1;$H4="ADC";$B4>0);$B4;0)+SE(E($N4=AP$1;$Q4="ADC";$K4>0);$K4;0)	=SE(E($E4=AQ$1;$H4="ADC";$B4>0);$B4;0)+SE(E($N4=AQ$1;$Q4="ADC";$K4>0);$K4;0)	=SE(E($E4=AR$1;$H4="ADC";$B4>0);$B4;0)+SE(E($N4=AR$1;$Q4="ADC";$K4>0);$K4;0)		=SE(E($E4=AT$1;$H4="RDC";$B4>0);$B4;0)+SE(E($N4=AT$1;$Q4="RDC";$K4>0);$K4;0)	=SE(E($E4=AU$1;$H4="RDC";$B4>0);$B4;0)+SE(E($N4=AU$1;$Q4="RDC";$K4>0);$K4;0)	=SE(E($E4=AV$1;$H4="RDC";$B4>0);$B4;0)+SE(E($N4=AV$1;$Q4="RDC";$K4>0);$K4;0)	=SE(E($E4=AW$1;$H4="RDC";$B4>0);$B4;0)+SE(E($N4=AW$1;$Q4="RDC";$K4>0);$K4;0)	=SE(E($E4=AX$1;$H4="RDC";$B4>0);$B4;0)+SE(E($N4=AX$1;$Q4="RDC";$K4>0);$K4;0)	=SE(E($E4=AY$1;$H4="RDC";$B4>0);$B4;0)+SE(E($N4=AY$1;$Q4="RDC";$K4>0);$K4;0)	=SE(E($E4=AZ$1;$H4="RDC";$B4>0);$B4;0)+SE(E($N4=AZ$1;$Q4="RDC";$K4>0);$K4;0)	=SE(E($E4=BA$1;$H4="RDC";$B4>0);$B4;0)+SE(E($N4=BA$1;$Q4="RDC";$K4>0);$K4;0)	=SE(E($E4=BB$1;$H4="RDC";$B4>0);$B4;0)+SE(E($N4=BB$1;$Q4="RDC";$K4>0);$K4;0)
0	200	171,03	28,97	0	0	0	TOTALE	5-1	0	0	0	0	0	0	0	0		24	56	120	200	0	120	0	=SE(E($E5=Z$1;$H5="DC";$B5>0);$B5;0)+SE(E($N5=Z$1;$Q5="DC";$K5>0);$K5;0)	=SE(E($E5=AA$1;$H5="DC";$B5>0);$B5;0)+SE(E($N5=AA$1;$Q5="DC";$K5>0);$K5;0)	=SE(E($E5=AB$1;$H5="DC";$B5>0);$B5;0)+SE(E($N5=AB$1;$Q5="DC";$K5>0);$K5;0)	=SE(E($E5=AC$1;$H5="DC";$B5>0);$B5;0)+SE(E($N5=AC$1;$Q5="DC";$K5>0);$K5;0)	=SE(E($E5=AD$1;$H5="DC";$B5>0);$B5;0)+SE(E($N5=AD$1;$Q5="DC";$K5>0);$K5;0)	=SE(E($E5=AE$1;$H5="DC";$B5>0);$B5;0)+SE(E($N5=AE$1;$Q5="DC";$K5>0);$K5;0)	=SE(E($E5=AF$1;$H5="DC";$B5>0);$B5;0)+SE(E($N5=AF$1;$Q5="DC";$K5>0);$K5;0)	=SE(E($E5=AG$1;$H5="DC";$B5>0);$B5;0)+SE(E($N5=AG$1;$Q5="DC";$K5>0);$K5;0)	=SE(E($E5=AH$1;$H5="DC";$B5>0);$B5;0)+SE(E($N5=AH$1;$Q5="DC";$K5>0);$K5;0)		=SE(E($E5=AJ$1;$H5="ADC";$B5>0);$B5;0)+SE(E($N5=AJ$1;$Q5="ADC";$K5>0);$K5;0)	=SE(E($E5=AK$1;$H5="ADC";$B5>0);$B5;0)+SE(E($N5=AK$1;$Q5="ADC";$K5>0);$K5;0)	=SE(E($E5=AL$1;$H5="ADC";$B5>0);$B5;0)+SE(E($N5=AL$1;$Q5="ADC";$K5>0);$K5;0)	=SE(E($E5=AM$1;$H5="ADC";$B5>0);$B5;0)+SE(E($N5=AM$1;$Q5="ADC";$K5>0);$K5;0)	=SE(E($E5=AN$1;$H5="ADC";$B5>0);$B5;0)+SE(E($N5=AN$1;$Q5="ADC";$K5>0);$K5;0)	=SE(E($E5=AO$1;$H5="ADC";$B5>0);$B5;0)+SE(E($N5=AO$1;$Q5="ADC";$K5>0);$K5;0)	=SE(E($E5=AP$1;$H5="ADC";$B5>0);$B5;0)+SE(E($N5=AP$1;$Q5="ADC";$K5>0);$K5;0)	=SE(E($E5=AQ$1;$H5="ADC";$B5>0);$B5;0)+SE(E($N5=AQ$1;$Q5="ADC";$K5>0);$K5;0)	=SE(E($E5=AR$1;$H5="ADC";$B5>0);$B5;0)+SE(E($N5=AR$1;$Q5="ADC";$K5>0);$K5;0)		=SE(E($E5=AT$1;$H5="RDC";$B5>0);$B5;0)+SE(E($N5=AT$1;$Q5="RDC";$K5>0);$K5;0)	=SE(E($E5=AU$1;$H5="RDC";$B5>0);$B5;0)+SE(E($N5=AU$1;$Q5="RDC";$K5>0);$K5;0)	=SE(E($E5=AV$1;$H5="RDC";$B5>0);$B5;0)+SE(E($N5=AV$1;$Q5="RDC";$K5>0);$K5;0)	=SE(E($E5=AW$1;$H5="RDC";$B5>0);$B5;0)+SE(E($N5=AW$1;$Q5="RDC";$K5>0);$K5;0)	=SE(E($E5=AX$1;$H5="RDC";$B5>0);$B5;0)+SE(E($N5=AX$1;$Q5="RDC";$K5>0);$K5;0)	=SE(E($E5=AY$1;$H5="RDC";$B5>0);$B5;0)+SE(E($N5=AY$1;$Q5="RDC";$K5>0);$K5;0)	=SE(E($E5=AZ$1;$H5="RDC";$B5>0);$B5;0)+SE(E($N5=AZ$1;$Q5="RDC";$K5>0);$K5;0)	=SE(E($E5=BA$1;$H5="RDC";$B5>0);$B5;0)+SE(E($N5=BA$1;$Q5="RDC";$K5>0);$K5;0)	=SE(E($E5=BB$1;$H5="RDC";$B5>0);$B5;0)+SE(E($N5=BB$1;$Q5="RDC";$K5>0);$K5;0)
47	42,3	0	0	EE	10	4,7	DC	0	47,78	40,61	0	0	NS	15	7,17	DC		0	0	0	0	0	0	0	=SE(E($E6=Z$1;$H6="DC";$B6>0);$B6;0)+SE(E($N6=Z$1;$Q6="DC";$K6>0);$K6;0)	=SE(E($E6=AA$1;$H6="DC";$B6>0);$B6;0)+SE(E($N6=AA$1;$Q6="DC";$K6>0);$K6;0)	=SE(E($E6=AB$1;$H6="DC";$B6>0);$B6;0)+SE(E($N6=AB$1;$Q6="DC";$K6>0);$K6;0)	=SE(E($E6=AC$1;$H6="DC";$B6>0);$B6;0)+SE(E($N6=AC$1;$Q6="DC";$K6>0);$K6;0)	=SE(E($E6=AD$1;$H6="DC";$B6>0);$B6;0)+SE(E($N6=AD$1;$Q6="DC";$K6>0);$K6;0)	=SE(E($E6=AE$1;$H6="DC";$B6>0);$B6;0)+SE(E($N6=AE$1;$Q6="DC";$K6>0);$K6;0)	=SE(E($E6=AF$1;$H6="DC";$B6>0);$B6;0)+SE(E($N6=AF$1;$Q6="DC";$K6>0);$K6;0)	=SE(E($E6=AG$1;$H6="DC";$B6>0);$B6;0)+SE(E($N6=AG$1;$Q6="DC";$K6>0);$K6;0)	=SE(E($E6=AH$1;$H6="DC";$B6>0);$B6;0)+SE(E($N6=AH$1;$Q6="DC";$K6>0);$K6;0)		=SE(E($E6=AJ$1;$H6="ADC";$B6>0);$B6;0)+SE(E($N6=AJ$1;$Q6="ADC";$K6>0);$K6;0)	=SE(E($E6=AK$1;$H6="ADC";$B6>0);$B6;0)+SE(E($N6=AK$1;$Q6="ADC";$K6>0);$K6;0)	=SE(E($E6=AL$1;$H6="ADC";$B6>0);$B6;0)+SE(E($N6=AL$1;$Q6="ADC";$K6>0);$K6;0)	=SE(E($E6=AM$1;$H6="ADC";$B6>0);$B6;0)+SE(E($N6=AM$1;$Q6="ADC";$K6>0);$K6;0)	=SE(E($E6=AN$1;$H6="ADC";$B6>0);$B6;0)+SE(E($N6=AN$1;$Q6="ADC";$K6>0);$K6;0)	=SE(E($E6=AO$1;$H6="ADC";$B6>0);$B6;0)+SE(E($N6=AO$1;$Q6="ADC";$K6>0);$K6;0)	=SE(E($E6=AP$1;$H6="ADC";$B6>0);$B6;0)+SE(E($N6=AP$1;$Q6="ADC";$K6>0);$K6;0)	=SE(E($E6=AQ$1;$H6="ADC";$B6>0);$B6;0)+SE(E($N6=AQ$1;$Q6="ADC";$K6>0);$K6;0)	=SE(E($E6=AR$1;$H6="ADC";$B6>0);$B6;0)+SE(E($N6=AR$1;$Q6="ADC";$K6>0);$K6;0)		=SE(E($E6=AT$1;$H6="RDC";$B6>0);$B6;0)+SE(E($N6=AT$1;$Q6="RDC";$K6>0);$K6;0)	=SE(E($E6=AU$1;$H6="RDC";$B6>0);$B6;0)+SE(E($N6=AU$1;$Q6="RDC";$K6>0);$K6;0)	=SE(E($E6=AV$1;$H6="RDC";$B6>0);$B6;0)+SE(E($N6=AV$1;$Q6="RDC";$K6>0);$K6;0)	=SE(E($E6=AW$1;$H6="RDC";$B6>0);$B6;0)+SE(E($N6=AW$1;$Q6="RDC";$K6>0);$K6;0)	=SE(E($E6=AX$1;$H6="RDC";$B6>0);$B6;0)+SE(E($N6=AX$1;$Q6="RDC";$K6>0);$K6;0)	=SE(E($E6=AY$1;$H6="RDC";$B6>0);$B6;0)+SE(E($N6=AY$1;$Q6="RDC";$K6>0);$K6;0)	=SE(E($E6=AZ$1;$H6="RDC";$B6>0);$B6;0)+SE(E($N6=AZ$1;$Q6="RDC";$K6>0);$K6;0)	=SE(E($E6=BA$1;$H6="RDC";$B6>0);$B6;0)+SE(E($N6=BA$1;$Q6="RDC";$K6>0);$K6;0)	=SE(E($E6=BB$1;$H6="RDC";$B6>0);$B6;0)+SE(E($N6=BB$1;$Q6="RDC";$K6>0);$K6;0)
0	82,91	0	0	0	0	0	TOTALE	0	0	0	0	0	0	0	0	0		22,91	20	20	82,91	0	20	0	=SE(E($E7=Z$1;$H7="DC";$B7>0);$B7;0)+SE(E($N7=Z$1;$Q7="DC";$K7>0);$K7;0)	=SE(E($E7=AA$1;$H7="DC";$B7>0);$B7;0)+SE(E($N7=AA$1;$Q7="DC";$K7>0);$K7;0)	=SE(E($E7=AB$1;$H7="DC";$B7>0);$B7;0)+SE(E($N7=AB$1;$Q7="DC";$K7>0);$K7;0)	=SE(E($E7=AC$1;$H7="DC";$B7>0);$B7;0)+SE(E($N7=AC$1;$Q7="DC";$K7>0);$K7;0)	=SE(E($E7=AD$1;$H7="DC";$B7>0);$B7;0)+SE(E($N7=AD$1;$Q7="DC";$K7>0);$K7;0)	=SE(E($E7=AE$1;$H7="DC";$B7>0);$B7;0)+SE(E($N7=AE$1;$Q7="DC";$K7>0);$K7;0)	=SE(E($E7=AF$1;$H7="DC";$B7>0);$B7;0)+SE(E($N7=AF$1;$Q7="DC";$K7>0);$K7;0)	=SE(E($E7=AG$1;$H7="DC";$B7>0);$B7;0)+SE(E($N7=AG$1;$Q7="DC";$K7>0);$K7;0)	=SE(E($E7=AH$1;$H7="DC";$B7>0);$B7;0)+SE(E($N7=AH$1;$Q7="DC";$K7>0);$K7;0)		=SE(E($E7=AJ$1;$H7="ADC";$B7>0);$B7;0)+SE(E($N7=AJ$1;$Q7="ADC";$K7>0);$K7;0)	=SE(E($E7=AK$1;$H7="ADC";$B7>0);$B7;0)+SE(E($N7=AK$1;$Q7="ADC";$K7>0);$K7;0)	=SE(E($E7=AL$1;$H7="ADC";$B7>0);$B7;0)+SE(E($N7=AL$1;$Q7="ADC";$K7>0);$K7;0)	=SE(E($E7=AM$1;$H7="ADC";$B7>0);$B7;0)+SE(E($N7=AM$1;$Q7="ADC";$K7>0);$K7;0)	=SE(E($E7=AN$1;$H7="ADC";$B7>0);$B7;0)+SE(E($N7=AN$1;$Q7="ADC";$K7>0);$K7;0)	=SE(E($E7=AO$1;$H7="ADC";$B7>0);$B7;0)+SE(E($N7=AO$1;$Q7="ADC";$K7>0);$K7;0)	=SE(E($E7=AP$1;$H7="ADC";$B7>0);$B7;0)+SE(E($N7=AP$1;$Q7="ADC";$K7>0);$K7;0)	=SE(E($E7=AQ$1;$H7="ADC";$B7>0);$B7;0)+SE(E($N7=AQ$1;$Q7="ADC";$K7>0);$K7;0)	=SE(E($E7=AR$1;$H7="ADC";$B7>0);$B7;0)+SE(E($N7=AR$1;$Q7="ADC";$K7>0);$K7;0)		=SE(E($E7=AT$1;$H7="RDC";$B7>0);$B7;0)+SE(E($N7=AT$1;$Q7="RDC";$K7>0);$K7;0)	=SE(E($E7=AU$1;$H7="RDC";$B7>0);$B7;0)+SE(E($N7=AU$1;$Q7="RDC";$K7>0);$K7;0)	=SE(E($E7=AV$1;$H7="RDC";$B7>0);$B7;0)+SE(E($N7=AV$1;$Q7="RDC";$K7>0);$K7;0)	=SE(E($E7=AW$1;$H7="RDC";$B7>0);$B7;0)+SE(E($N7=AW$1;$Q7="RDC";$K7>0);$K7;0)	=SE(E($E7=AX$1;$H7="RDC";$B7>0);$B7;0)+SE(E($N7=AX$1;$Q7="RDC";$K7>0);$K7;0)	=SE(E($E7=AY$1;$H7="RDC";$B7>0);$B7;0)+SE(E($N7=AY$1;$Q7="RDC";$K7>0);$K7;0)	=SE(E($E7=AZ$1;$H7="RDC";$B7>0);$B7;0)+SE(E($N7=AZ$1;$Q7="RDC";$K7>0);$K7;0)	=SE(E($E7=BA$1;$H7="RDC";$B7>0);$B7;0)+SE(E($N7=BA$1;$Q7="RDC";$K7>0);$K7;0)	=SE(E($E7=BB$1;$H7="RDC";$B7>0);$B7;0)+SE(E($N7=BB$1;$Q7="RDC";$K7>0);$K7;0)
1	1	0	0	NI	0	0	DC	0	5	5	4,55	0,45	10	0	0	DC		0	0	0	0	0	0	0	=SE(E($E8=Z$1;$H8="DC";$B8>0);$B8;0)+SE(E($N8=Z$1;$Q8="DC";$K8>0);$K8;0)	=SE(E($E8=AA$1;$H8="DC";$B8>0);$B8;0)+SE(E($N8=AA$1;$Q8="DC";$K8>0);$K8;0)	=SE(E($E8=AB$1;$H8="DC";$B8>0);$B8;0)+SE(E($N8=AB$1;$Q8="DC";$K8>0);$K8;0)	=SE(E($E8=AC$1;$H8="DC";$B8>0);$B8;0)+SE(E($N8=AC$1;$Q8="DC";$K8>0);$K8;0)	=SE(E($E8=AD$1;$H8="DC";$B8>0);$B8;0)+SE(E($N8=AD$1;$Q8="DC";$K8>0);$K8;0)	=SE(E($E8=AE$1;$H8="DC";$B8>0);$B8;0)+SE(E($N8=AE$1;$Q8="DC";$K8>0);$K8;0)	=SE(E($E8=AF$1;$H8="DC";$B8>0);$B8;0)+SE(E($N8=AF$1;$Q8="DC";$K8>0);$K8;0)	=SE(E($E8=AG$1;$H8="DC";$B8>0);$B8;0)+SE(E($N8=AG$1;$Q8="DC";$K8>0);$K8;0)	=SE(E($E8=AH$1;$H8="DC";$B8>0);$B8;0)+SE(E($N8=AH$1;$Q8="DC";$K8>0);$K8;0)		=SE(E($E8=AJ$1;$H8="ADC";$B8>0);$B8;0)+SE(E($N8=AJ$1;$Q8="ADC";$K8>0);$K8;0)	=SE(E($E8=AK$1;$H8="ADC";$B8>0);$B8;0)+SE(E($N8=AK$1;$Q8="ADC";$K8>0);$K8;0)	=SE(E($E8=AL$1;$H8="ADC";$B8>0);$B8;0)+SE(E($N8=AL$1;$Q8="ADC";$K8>0);$K8;0)	=SE(E($E8=AM$1;$H8="ADC";$B8>0);$B8;0)+SE(E($N8=AM$1;$Q8="ADC";$K8>0);$K8;0)	=SE(E($E8=AN$1;$H8="ADC";$B8>0);$B8;0)+SE(E($N8=AN$1;$Q8="ADC";$K8>0);$K8;0)	=SE(E($E8=AO$1;$H8="ADC";$B8>0);$B8;0)+SE(E($N8=AO$1;$Q8="ADC";$K8>0);$K8;0)	=SE(E($E8=AP$1;$H8="ADC";$B8>0);$B8;0)+SE(E($N8=AP$1;$Q8="ADC";$K8>0);$K8;0)	=SE(E($E8=AQ$1;$H8="ADC";$B8>0);$B8;0)+SE(E($N8=AQ$1;$Q8="ADC";$K8>0);$K8;0)	=SE(E($E8=AR$1;$H8="ADC";$B8>0);$B8;0)+SE(E($N8=AR$1;$Q8="ADC";$K8>0);$K8;0)		=SE(E($E8=AT$1;$H8="RDC";$B8>0);$B8;0)+SE(E($N8=AT$1;$Q8="RDC";$K8>0);$K8;0)	=SE(E($E8=AU$1;$H8="RDC";$B8>0);$B8;0)+SE(E($N8=AU$1;$Q8="RDC";$K8>0);$K8;0)	=SE(E($E8=AV$1;$H8="RDC";$B8>0);$B8;0)+SE(E($N8=AV$1;$Q8="RDC";$K8>0);$K8;0)	=SE(E($E8=AW$1;$H8="RDC";$B8>0);$B8;0)+SE(E($N8=AW$1;$Q8="RDC";$K8>0);$K8;0)	=SE(E($E8=AX$1;$H8="RDC";$B8>0);$B8;0)+SE(E($N8=AX$1;$Q8="RDC";$K8>0);$K8;0)	=SE(E($E8=AY$1;$H8="RDC";$B8>0);$B8;0)+SE(E($N8=AY$1;$Q8="RDC";$K8>0);$K8;0)	=SE(E($E8=AZ$1;$H8="RDC";$B8>0);$B8;0)+SE(E($N8=AZ$1;$Q8="RDC";$K8>0);$K8;0)	=SE(E($E8=BA$1;$H8="RDC";$B8>0);$B8;0)+SE(E($N8=BA$1;$Q8="RDC";$K8>0);$K8;0)	=SE(E($E8=BB$1;$H8="RDC";$B8>0);$B8;0)+SE(E($N8=BB$1;$Q8="RDC";$K8>0);$K8;0)
0	6	4,55	0,45	0	0	0	TOTALE	0	0	0	0	0	0	0	0	0		3	1	1	6	0	1	0	=SE(E($E9=Z$1;$H9="DC";$B9>0);$B9;0)+SE(E($N9=Z$1;$Q9="DC";$K9>0);$K9;0)	=SE(E($E9=AA$1;$H9="DC";$B9>0);$B9;0)+SE(E($N9=AA$1;$Q9="DC";$K9>0);$K9;0)	=SE(E($E9=AB$1;$H9="DC";$B9>0);$B9;0)+SE(E($N9=AB$1;$Q9="DC";$K9>0);$K9;0)	=SE(E($E9=AC$1;$H9="DC";$B9>0);$B9;0)+SE(E($N9=AC$1;$Q9="DC";$K9>0);$K9;0)	=SE(E($E9=AD$1;$H9="DC";$B9>0);$B9;0)+SE(E($N9=AD$1;$Q9="DC";$K9>0);$K9;0)	=SE(E($E9=AE$1;$H9="DC";$B9>0);$B9;0)+SE(E($N9=AE$1;$Q9="DC";$K9>0);$K9;0)	=SE(E($E9=AF$1;$H9="DC";$B9>0);$B9;0)+SE(E($N9=AF$1;$Q9="DC";$K9>0);$K9;0)	=SE(E($E9=AG$1;$H9="DC";$B9>0);$B9;0)+SE(E($N9=AG$1;$Q9="DC";$K9>0);$K9;0)	=SE(E($E9=AH$1;$H9="DC";$B9>0);$B9;0)+SE(E($N9=AH$1;$Q9="DC";$K9>0);$K9;0)		=SE(E($E9=AJ$1;$H9="ADC";$B9>0);$B9;0)+SE(E($N9=AJ$1;$Q9="ADC";$K9>0);$K9;0)	=SE(E($E9=AK$1;$H9="ADC";$B9>0);$B9;0)+SE(E($N9=AK$1;$Q9="ADC";$K9>0);$K9;0)	=SE(E($E9=AL$1;$H9="ADC";$B9>0);$B9;0)+SE(E($N9=AL$1;$Q9="ADC";$K9>0);$K9;0)	=SE(E($E9=AM$1;$H9="ADC";$B9>0);$B9;0)+SE(E($N9=AM$1;$Q9="ADC";$K9>0);$K9;0)	=SE(E($E9=AN$1;$H9="ADC";$B9>0);$B9;0)+SE(E($N9=AN$1;$Q9="ADC";$K9>0);$K9;0)	=SE(E($E9=AO$1;$H9="ADC";$B9>0);$B9;0)+SE(E($N9=AO$1;$Q9="ADC";$K9>0);$K9;0)	=SE(E($E9=AP$1;$H9="ADC";$B9>0);$B9;0)+SE(E($N9=AP$1;$Q9="ADC";$K9>0);$K9;0)	=SE(E($E9=AQ$1;$H9="ADC";$B9>0);$B9;0)+SE(E($N9=AQ$1;$Q9="ADC";$K9>0);$K9;0)	=SE(E($E9=AR$1;$H9="ADC";$B9>0);$B9;0)+SE(E($N9=AR$1;$Q9="ADC";$K9>0);$K9;0)		=SE(E($E9=AT$1;$H9="RDC";$B9>0);$B9;0)+SE(E($N9=AT$1;$Q9="RDC";$K9>0);$K9;0)	=SE(E($E9=AU$1;$H9="RDC";$B9>0);$B9;0)+SE(E($N9=AU$1;$Q9="RDC";$K9>0);$K9;0)	=SE(E($E9=AV$1;$H9="RDC";$B9>0);$B9;0)+SE(E($N9=AV$1;$Q9="RDC";$K9>0);$K9;0)	=SE(E($E9=AW$1;$H9="RDC";$B9>0);$B9;0)+SE(E($N9=AW$1;$Q9="RDC";$K9>0);$K9;0)	=SE(E($E9=AX$1;$H9="RDC";$B9>0);$B9;0)+SE(E($N9=AX$1;$Q9="RDC";$K9>0);$K9;0)	=SE(E($E9=AY$1;$H9="RDC";$B9>0);$B9;0)+SE(E($N9=AY$1;$Q9="RDC";$K9>0);$K9;0)	=SE(E($E9=AZ$1;$H9="RDC";$B9>0);$B9;0)+SE(E($N9=AZ$1;$Q9="RDC";$K9>0);$K9;0)	=SE(E($E9=BA$1;$H9="RDC";$B9>0);$B9;0)+SE(E($N9=BA$1;$Q9="RDC";$K9>0);$K9;0)	=SE(E($E9=BB$1;$H9="RDC";$B9>0);$B9;0)+SE(E($N9=BB$1;$Q9="RDC";$K9>0);$K9;0)
55	49,5	0	0	ES	10	5,5	DC	0	160	136	0	0	RM	15	24	DC		0	0	0	0	0	0	0	=SE(E($E10=Z$1;$H10="DC";$B10>0);$B10;0)+SE(E($N10=Z$1;$Q10="DC";$K10>0);$K10;0)	=SE(E($E10=AA$1;$H10="DC";$B10>0);$B10;0)+SE(E($N10=AA$1;$Q10="DC";$K10>0);$K10;0)	=SE(E($E10=AB$1;$H10="DC";$B10>0);$B10;0)+SE(E($N10=AB$1;$Q10="DC";$K10>0);$K10;0)	=SE(E($E10=AC$1;$H10="DC";$B10>0);$B10;0)+SE(E($N10=AC$1;$Q10="DC";$K10>0);$K10;0)	=SE(E($E10=AD$1;$H10="DC";$B10>0);$B10;0)+SE(E($N10=AD$1;$Q10="DC";$K10>0);$K10;0)	=SE(E($E10=AE$1;$H10="DC";$B10>0);$B10;0)+SE(E($N10=AE$1;$Q10="DC";$K10>0);$K10;0)	=SE(E($E10=AF$1;$H10="DC";$B10>0);$B10;0)+SE(E($N10=AF$1;$Q10="DC";$K10>0);$K10;0)	=SE(E($E10=AG$1;$H10="DC";$B10>0);$B10;0)+SE(E($N10=AG$1;$Q10="DC";$K10>0);$K10;0)	=SE(E($E10=AH$1;$H10="DC";$B10>0);$B10;0)+SE(E($N10=AH$1;$Q10="DC";$K10>0);$K10;0)		=SE(E($E10=AJ$1;$H10="ADC";$B10>0);$B10;0)+SE(E($N10=AJ$1;$Q10="ADC";$K10>0);$K10;0)	=SE(E($E10=AK$1;$H10="ADC";$B10>0);$B10;0)+SE(E($N10=AK$1;$Q10="ADC";$K10>0);$K10;0)	=SE(E($E10=AL$1;$H10="ADC";$B10>0);$B10;0)+SE(E($N10=AL$1;$Q10="ADC";$K10>0);$K10;0)	=SE(E($E10=AM$1;$H10="ADC";$B10>0);$B10;0)+SE(E($N10=AM$1;$Q10="ADC";$K10>0);$K10;0)	=SE(E($E10=AN$1;$H10="ADC";$B10>0);$B10;0)+SE(E($N10=AN$1;$Q10="ADC";$K10>0);$K10;0)	=SE(E($E10=AO$1;$H10="ADC";$B10>0);$B10;0)+SE(E($N10=AO$1;$Q10="ADC";$K10>0);$K10;0)	=SE(E($E10=AP$1;$H10="ADC";$B10>0);$B10;0)+SE(E($N10=AP$1;$Q10="ADC";$K10>0);$K10;0)	=SE(E($E10=AQ$1;$H10="ADC";$B10>0);$B10;0)+SE(E($N10=AQ$1;$Q10="ADC";$K10>0);$K10;0)	=SE(E($E10=AR$1;$H10="ADC";$B10>0);$B10;0)+SE(E($N10=AR$1;$Q10="ADC";$K10>0);$K10;0)		=SE(E($E10=AT$1;$H10="RDC";$B10>0);$B10;0)+SE(E($N10=AT$1;$Q10="RDC";$K10>0);$K10;0)	=SE(E($E10=AU$1;$H10="RDC";$B10>0);$B10;0)+SE(E($N10=AU$1;$Q10="RDC";$K10>0);$K10;0)	=SE(E($E10=AV$1;$H10="RDC";$B10>0);$B10;0)+SE(E($N10=AV$1;$Q10="RDC";$K10>0);$K10;0)	=SE(E($E10=AW$1;$H10="RDC";$B10>0);$B10;0)+SE(E($N10=AW$1;$Q10="RDC";$K10>0);$K10;0)	=SE(E($E10=AX$1;$H10="RDC";$B10>0);$B10;0)+SE(E($N10=AX$1;$Q10="RDC";$K10>0);$K10;0)	=SE(E($E10=AY$1;$H10="RDC";$B10>0);$B10;0)+SE(E($N10=AY$1;$Q10="RDC";$K10>0);$K10;0)	=SE(E($E10=AZ$1;$H10="RDC";$B10>0);$B10;0)+SE(E($N10=AZ$1;$Q10="RDC";$K10>0);$K10;0)	=SE(E($E10=BA$1;$H10="RDC";$B10>0);$B10;0)+SE(E($N10=BA$1;$Q10="RDC";$K10>0);$K10;0)	=SE(E($E10=BB$1;$H10="RDC";$B10>0);$B10;0)+SE(E($N10=BB$1;$Q10="RDC";$K10>0);$K10;0)
0	185,5	0	0	0	0	0	TOTALE	0	0	0	0	0	0	0	0	0		120	55	5,5	185,5	0,5	5,5	0	=SE(E($E11=Z$1;$H11="DC";$B11>0);$B11;0)+SE(E($N11=Z$1;$Q11="DC";$K11>0);$K11;0)	=SE(E($E11=AA$1;$H11="DC";$B11>0);$B11;0)+SE(E($N11=AA$1;$Q11="DC";$K11>0);$K11;0)	=SE(E($E11=AB$1;$H11="DC";$B11>0);$B11;0)+SE(E($N11=AB$1;$Q11="DC";$K11>0);$K11;0)	=SE(E($E11=AC$1;$H11="DC";$B11>0);$B11;0)+SE(E($N11=AC$1;$Q11="DC";$K11>0);$K11;0)	=SE(E($E11=AD$1;$H11="DC";$B11>0);$B11;0)+SE(E($N11=AD$1;$Q11="DC";$K11>0);$K11;0)	=SE(E($E11=AE$1;$H11="DC";$B11>0);$B11;0)+SE(E($N11=AE$1;$Q11="DC";$K11>0);$K11;0)	=SE(E($E11=AF$1;$H11="DC";$B11>0);$B11;0)+SE(E($N11=AF$1;$Q11="DC";$K11>0);$K11;0)	=SE(E($E11=AG$1;$H11="DC";$B11>0);$B11;0)+SE(E($N11=AG$1;$Q11="DC";$K11>0);$K11;0)	=SE(E($E11=AH$1;$H11="DC";$B11>0);$B11;0)+SE(E($N11=AH$1;$Q11="DC";$K11>0);$K11;0)		=SE(E($E11=AJ$1;$H11="ADC";$B11>0);$B11;0)+SE(E($N11=AJ$1;$Q11="ADC";$K11>0);$K11;0)	=SE(E($E11=AK$1;$H11="ADC";$B11>0);$B11;0)+SE(E($N11=AK$1;$Q11="ADC";$K11>0);$K11;0)	=SE(E($E11=AL$1;$H11="ADC";$B11>0);$B11;0)+SE(E($N11=AL$1;$Q11="ADC";$K11>0);$K11;0)	=SE(E($E11=AM$1;$H11="ADC";$B11>0);$B11;0)+SE(E($N11=AM$1;$Q11="ADC";$K11>0);$K11;0)	=SE(E($E11=AN$1;$H11="ADC";$B11>0);$B11;0)+SE(E($N11=AN$1;$Q11="ADC";$K11>0);$K11;0)	=SE(E($E11=AO$1;$H11="ADC";$B11>0);$B11;0)+SE(E($N11=AO$1;$Q11="ADC";$K11>0);$K11;0)	=SE(E($E11=AP$1;$H11="ADC";$B11>0);$B11;0)+SE(E($N11=AP$1;$Q11="ADC";$K11>0);$K11;0)	=SE(E($E11=AQ$1;$H11="ADC";$B11>0);$B11;0)+SE(E($N11=AQ$1;$Q11="ADC";$K11>0);$K11;0)	=SE(E($E11=AR$1;$H11="ADC";$B11>0);$B11;0)+SE(E($N11=AR$1;$Q11="ADC";$K11>0);$K11;0)		=SE(E($E11=AT$1;$H11="RDC";$B11>0);$B11;0)+SE(E($N11=AT$1;$Q11="RDC";$K11>0);$K11;0)	=SE(E($E11=AU$1;$H11="RDC";$B11>0);$B11;0)+SE(E($N11=AU$1;$Q11="RDC";$K11>0);$K11;0)	=SE(E($E11=AV$1;$H11="RDC";$B11>0);$B11;0)+SE(E($N11=AV$1;$Q11="RDC";$K11>0);$K11;0)	=SE(E($E11=AW$1;$H11="RDC";$B11>0);$B11;0)+SE(E($N11=AW$1;$Q11="RDC";$K11>0);$K11;0)	=SE(E($E11=AX$1;$H11="RDC";$B11>0);$B11;0)+SE(E($N11=AX$1;$Q11="RDC";$K11>0);$K11;0)	=SE(E($E11=AY$1;$H11="RDC";$B11>0);$B11;0)+SE(E($N11=AY$1;$Q11="RDC";$K11>0);$K11;0)	=SE(E($E11=AZ$1;$H11="RDC";$B11>0);$B11;0)+SE(E($N11=AZ$1;$Q11="RDC";$K11>0);$K11;0)	=SE(E($E11=BA$1;$H11="RDC";$B11>0);$B11;0)+SE(E($N11=BA$1;$Q11="RDC";$K11>0);$K11;0)	=SE(E($E11=BB$1;$H11="RDC";$B11>0);$B11;0)+SE(E($N11=BB$1;$Q11="RDC";$K11>0);$K11;0)
47	42,3	0	0	EE	10	4,7	RDC	0	47,78	40,61	0	0	NS	15	7,17	RDC		0	0	0	0	0	0	0	=SE(E($E12=Z$1;$H12="DC";$B12>0);$B12;0)+SE(E($N12=Z$1;$Q12="DC";$K12>0);$K12;0)	=SE(E($E12=AA$1;$H12="DC";$B12>0);$B12;0)+SE(E($N12=AA$1;$Q12="DC";$K12>0);$K12;0)	=SE(E($E12=AB$1;$H12="DC";$B12>0);$B12;0)+SE(E($N12=AB$1;$Q12="DC";$K12>0);$K12;0)	=SE(E($E12=AC$1;$H12="DC";$B12>0);$B12;0)+SE(E($N12=AC$1;$Q12="DC";$K12>0);$K12;0)	=SE(E($E12=AD$1;$H12="DC";$B12>0);$B12;0)+SE(E($N12=AD$1;$Q12="DC";$K12>0);$K12;0)	=SE(E($E12=AE$1;$H12="DC";$B12>0);$B12;0)+SE(E($N12=AE$1;$Q12="DC";$K12>0);$K12;0)	=SE(E($E12=AF$1;$H12="DC";$B12>0);$B12;0)+SE(E($N12=AF$1;$Q12="DC";$K12>0);$K12;0)	=SE(E($E12=AG$1;$H12="DC";$B12>0);$B12;0)+SE(E($N12=AG$1;$Q12="DC";$K12>0);$K12;0)	=SE(E($E12=AH$1;$H12="DC";$B12>0);$B12;0)+SE(E($N12=AH$1;$Q12="DC";$K12>0);$K12;0)		=SE(E($E12=AJ$1;$H12="ADC";$B12>0);$B12;0)+SE(E($N12=AJ$1;$Q12="ADC";$K12>0);$K12;0)	=SE(E($E12=AK$1;$H12="ADC";$B12>0);$B12;0)+SE(E($N12=AK$1;$Q12="ADC";$K12>0);$K12;0)	=SE(E($E12=AL$1;$H12="ADC";$B12>0);$B12;0)+SE(E($N12=AL$1;$Q12="ADC";$K12>0);$K12;0)	=SE(E($E12=AM$1;$H12="ADC";$B12>0);$B12;0)+SE(E($N12=AM$1;$Q12="ADC";$K12>0);$K12;0)	=SE(E($E12=AN$1;$H12="ADC";$B12>0);$B12;0)+SE(E($N12=AN$1;$Q12="ADC";$K12>0);$K12;0)	=SE(E($E12=AO$1;$H12="ADC";$B12>0);$B12;0)+SE(E($N12=AO$1;$Q12="ADC";$K12>0);$K12;0)	=SE(E($E12=AP$1;$H12="ADC";$B12>0);$B12;0)+SE(E($N12=AP$1;$Q12="ADC";$K12>0);$K12;0)	=SE(E($E12=AQ$1;$H12="ADC";$B12>0);$B12;0)+SE(E($N12=AQ$1;$Q12="ADC";$K12>0);$K12;0)	=SE(E($E12=AR$1;$H12="ADC";$B12>0);$B12;0)+SE(E($N12=AR$1;$Q12="ADC";$K12>0);$K12;0)		=SE(E($E12=AT$1;$H12="RDC";$B12>0);$B12;0)+SE(E($N12=AT$1;$Q12="RDC";$K12>0);$K12;0)	=SE(E($E12=AU$1;$H12="RDC";$B12>0);$B12;0)+SE(E($N12=AU$1;$Q12="RDC";$K12>0);$K12;0)	=SE(E($E12=AV$1;$H12="RDC";$B12>0);$B12;0)+SE(E($N12=AV$1;$Q12="RDC";$K12>0);$K12;0)	=SE(E($E12=AW$1;$H12="RDC";$B12>0);$B12;0)+SE(E($N12=AW$1;$Q12="RDC";$K12>0);$K12;0)	=SE(E($E12=AX$1;$H12="RDC";$B12>0);$B12;0)+SE(E($N12=AX$1;$Q12="RDC";$K12>0);$K12;0)	=SE(E($E12=AY$1;$H12="RDC";$B12>0);$B12;0)+SE(E($N12=AY$1;$Q12="RDC";$K12>0);$K12;0)	=SE(E($E12=AZ$1;$H12="RDC";$B12>0);$B12;0)+SE(E($N12=AZ$1;$Q12="RDC";$K12>0);$K12;0)	=SE(E($E12=BA$1;$H12="RDC";$B12>0);$B12;0)+SE(E($N12=BA$1;$Q12="RDC";$K12>0);$K12;0)	=SE(E($E12=BB$1;$H12="RDC";$B12>0);$B12;0)+SE(E($N12=BB$1;$Q12="RDC";$K12>0);$K12;0)
0	82,91	0	0	0	0	0	TOTALE	3-3	0	0	0	0	0	0	0	0		5,91	33	22	82,91	0	22	0	=SE(E($E13=Z$1;$H13="DC";$B13>0);$B13;0)+SE(E($N13=Z$1;$Q13="DC";$K13>0);$K13;0)	=SE(E($E13=AA$1;$H13="DC";$B13>0);$B13;0)+SE(E($N13=AA$1;$Q13="DC";$K13>0);$K13;0)	=SE(E($E13=AB$1;$H13="DC";$B13>0);$B13;0)+SE(E($N13=AB$1;$Q13="DC";$K13>0);$K13;0)	=SE(E($E13=AC$1;$H13="DC";$B13>0);$B13;0)+SE(E($N13=AC$1;$Q13="DC";$K13>0);$K13;0)	=SE(E($E13=AD$1;$H13="DC";$B13>0);$B13;0)+SE(E($N13=AD$1;$Q13="DC";$K13>0);$K13;0)	=SE(E($E13=AE$1;$H13="DC";$B13>0);$B13;0)+SE(E($N13=AE$1;$Q13="DC";$K13>0);$K13;0)	=SE(E($E13=AF$1;$H13="DC";$B13>0);$B13;0)+SE(E($N13=AF$1;$Q13="DC";$K13>0);$K13;0)	=SE(E($E13=AG$1;$H13="DC";$B13>0);$B13;0)+SE(E($N13=AG$1;$Q13="DC";$K13>0);$K13;0)	=SE(E($E13=AH$1;$H13="DC";$B13>0);$B13;0)+SE(E($N13=AH$1;$Q13="DC";$K13>0);$K13;0)		=SE(E($E13=AJ$1;$H13="ADC";$B13>0);$B13;0)+SE(E($N13=AJ$1;$Q13="ADC";$K13>0);$K13;0)	=SE(E($E13=AK$1;$H13="ADC";$B13>0);$B13;0)+SE(E($N13=AK$1;$Q13="ADC";$K13>0);$K13;0)	=SE(E($E13=AL$1;$H13="ADC";$B13>0);$B13;0)+SE(E($N13=AL$1;$Q13="ADC";$K13>0);$K13;0)	=SE(E($E13=AM$1;$H13="ADC";$B13>0);$B13;0)+SE(E($N13=AM$1;$Q13="ADC";$K13>0);$K13;0)	=SE(E($E13=AN$1;$H13="ADC";$B13>0);$B13;0)+SE(E($N13=AN$1;$Q13="ADC";$K13>0);$K13;0)	=SE(E($E13=AO$1;$H13="ADC";$B13>0);$B13;0)+SE(E($N13=AO$1;$Q13="ADC";$K13>0);$K13;0)	=SE(E($E13=AP$1;$H13="ADC";$B13>0);$B13;0)+SE(E($N13=AP$1;$Q13="ADC";$K13>0);$K13;0)	=SE(E($E13=AQ$1;$H13="ADC";$B13>0);$B13;0)+SE(E($N13=AQ$1;$Q13="ADC";$K13>0);$K13;0)	=SE(E($E13=AR$1;$H13="ADC";$B13>0);$B13;0)+SE(E($N13=AR$1;$Q13="ADC";$K13>0);$K13;0)		=SE(E($E13=AT$1;$H13="RDC";$B13>0);$B13;0)+SE(E($N13=AT$1;$Q13="RDC";$K13>0);$K13;0)	=SE(E($E13=AU$1;$H13="RDC";$B13>0);$B13;0)+SE(E($N13=AU$1;$Q13="RDC";$K13>0);$K13;0)	=SE(E($E13=AV$1;$H13="RDC";$B13>0);$B13;0)+SE(E($N13=AV$1;$Q13="RDC";$K13>0);$K13;0)	=SE(E($E13=AW$1;$H13="RDC";$B13>0);$B13;0)+SE(E($N13=AW$1;$Q13="RDC";$K13>0);$K13;0)	=SE(E($E13=AX$1;$H13="RDC";$B13>0);$B13;0)+SE(E($N13=AX$1;$Q13="RDC";$K13>0);$K13;0)	=SE(E($E13=AY$1;$H13="RDC";$B13>0);$B13;0)+SE(E($N13=AY$1;$Q13="RDC";$K13>0);$K13;0)	=SE(E($E13=AZ$1;$H13="RDC";$B13>0);$B13;0)+SE(E($N13=AZ$1;$Q13="RDC";$K13>0);$K13;0)	=SE(E($E13=BA$1;$H13="RDC";$B13>0);$B13;0)+SE(E($N13=BA$1;$Q13="RDC";$K13>0);$K13;0)	=SE(E($E13=BB$1;$H13="RDC";$B13>0);$B13;0)+SE(E($N13=BB$1;$Q13="RDC";$K13>0);$K13;0)
0,05	0,05	0,05	0	10	0	0	DC	0	71,51	64,36	61,88	2,48	4	10	7,15	DC		0	0	0	0	0	0	0	=SE(E($E14=Z$1;$H14="DC";$B14>0);$B14;0)+SE(E($N14=Z$1;$Q14="DC";$K14>0);$K14;0)	=SE(E($E14=AA$1;$H14="DC";$B14>0);$B14;0)+SE(E($N14=AA$1;$Q14="DC";$K14>0);$K14;0)	=SE(E($E14=AB$1;$H14="DC";$B14>0);$B14;0)+SE(E($N14=AB$1;$Q14="DC";$K14>0);$K14;0)	=SE(E($E14=AC$1;$H14="DC";$B14>0);$B14;0)+SE(E($N14=AC$1;$Q14="DC";$K14>0);$K14;0)	=SE(E($E14=AD$1;$H14="DC";$B14>0);$B14;0)+SE(E($N14=AD$1;$Q14="DC";$K14>0);$K14;0)	=SE(E($E14=AE$1;$H14="DC";$B14>0);$B14;0)+SE(E($N14=AE$1;$Q14="DC";$K14>0);$K14;0)	=SE(E($E14=AF$1;$H14="DC";$B14>0);$B14;0)+SE(E($N14=AF$1;$Q14="DC";$K14>0);$K14;0)	=SE(E($E14=AG$1;$H14="DC";$B14>0);$B14;0)+SE(E($N14=AG$1;$Q14="DC";$K14>0);$K14;0)	=SE(E($E14=AH$1;$H14="DC";$B14>0);$B14;0)+SE(E($N14=AH$1;$Q14="DC";$K14>0);$K14;0)		=SE(E($E14=AJ$1;$H14="ADC";$B14>0);$B14;0)+SE(E($N14=AJ$1;$Q14="ADC";$K14>0);$K14;0)	=SE(E($E14=AK$1;$H14="ADC";$B14>0);$B14;0)+SE(E($N14=AK$1;$Q14="ADC";$K14>0);$K14;0)	=SE(E($E14=AL$1;$H14="ADC";$B14>0);$B14;0)+SE(E($N14=AL$1;$Q14="ADC";$K14>0);$K14;0)	=SE(E($E14=AM$1;$H14="ADC";$B14>0);$B14;0)+SE(E($N14=AM$1;$Q14="ADC";$K14>0);$K14;0)	=SE(E($E14=AN$1;$H14="ADC";$B14>0);$B14;0)+SE(E($N14=AN$1;$Q14="ADC";$K14>0);$K14;0)	=SE(E($E14=AO$1;$H14="ADC";$B14>0);$B14;0)+SE(E($N14=AO$1;$Q14="ADC";$K14>0);$K14;0)	=SE(E($E14=AP$1;$H14="ADC";$B14>0);$B14;0)+SE(E($N14=AP$1;$Q14="ADC";$K14>0);$K14;0)	=SE(E($E14=AQ$1;$H14="ADC";$B14>0);$B14;0)+SE(E($N14=AQ$1;$Q14="ADC";$K14>0);$K14;0)	=SE(E($E14=AR$1;$H14="ADC";$B14>0);$B14;0)+SE(E($N14=AR$1;$Q14="ADC";$K14>0);$K14;0)		=SE(E($E14=AT$1;$H14="RDC";$B14>0);$B14;0)+SE(E($N14=AT$1;$Q14="RDC";$K14>0);$K14;0)	=SE(E($E14=AU$1;$H14="RDC";$B14>0);$B14;0)+SE(E($N14=AU$1;$Q14="RDC";$K14>0);$K14;0)	=SE(E($E14=AV$1;$H14="RDC";$B14>0);$B14;0)+SE(E($N14=AV$1;$Q14="RDC";$K14>0);$K14;0)	=SE(E($E14=AW$1;$H14="RDC";$B14>0);$B14;0)+SE(E($N14=AW$1;$Q14="RDC";$K14>0);$K14;0)	=SE(E($E14=AX$1;$H14="RDC";$B14>0);$B14;0)+SE(E($N14=AX$1;$Q14="RDC";$K14>0);$K14;0)	=SE(E($E14=AY$1;$H14="RDC";$B14>0);$B14;0)+SE(E($N14=AY$1;$Q14="RDC";$K14>0);$K14;0)	=SE(E($E14=AZ$1;$H14="RDC";$B14>0);$B14;0)+SE(E($N14=AZ$1;$Q14="RDC";$K14>0);$K14;0)	=SE(E($E14=BA$1;$H14="RDC";$B14>0);$B14;0)+SE(E($N14=BA$1;$Q14="RDC";$K14>0);$K14;0)	=SE(E($E14=BB$1;$H14="RDC";$B14>0);$B14;0)+SE(E($N14=BB$1;$Q14="RDC";$K14>0);$K14;0)
0	64,41	61,93	2,48	0	0	0	TOTALE	0	0	0	0	0	0	0	0	0		29,41	30	2,5	64,41	0	2,5	0	=SE(E($E15=Z$1;$H15="DC";$B15>0);$B15;0)+SE(E($N15=Z$1;$Q15="DC";$K15>0);$K15;0)	=SE(E($E15=AA$1;$H15="DC";$B15>0);$B15;0)+SE(E($N15=AA$1;$Q15="DC";$K15>0);$K15;0)	=SE(E($E15=AB$1;$H15="DC";$B15>0);$B15;0)+SE(E($N15=AB$1;$Q15="DC";$K15>0);$K15;0)	=SE(E($E15=AC$1;$H15="DC";$B15>0);$B15;0)+SE(E($N15=AC$1;$Q15="DC";$K15>0);$K15;0)	=SE(E($E15=AD$1;$H15="DC";$B15>0);$B15;0)+SE(E($N15=AD$1;$Q15="DC";$K15>0);$K15;0)	=SE(E($E15=AE$1;$H15="DC";$B15>0);$B15;0)+SE(E($N15=AE$1;$Q15="DC";$K15>0);$K15;0)	=SE(E($E15=AF$1;$H15="DC";$B15>0);$B15;0)+SE(E($N15=AF$1;$Q15="DC";$K15>0);$K15;0)	=SE(E($E15=AG$1;$H15="DC";$B15>0);$B15;0)+SE(E($N15=AG$1;$Q15="DC";$K15>0);$K15;0)	=SE(E($E15=AH$1;$H15="DC";$B15>0);$B15;0)+SE(E($N15=AH$1;$Q15="DC";$K15>0);$K15;0)		=SE(E($E15=AJ$1;$H15="ADC";$B15>0);$B15;0)+SE(E($N15=AJ$1;$Q15="ADC";$K15>0);$K15;0)	=SE(E($E15=AK$1;$H15="ADC";$B15>0);$B15;0)+SE(E($N15=AK$1;$Q15="ADC";$K15>0);$K15;0)	=SE(E($E15=AL$1;$H15="ADC";$B15>0);$B15;0)+SE(E($N15=AL$1;$Q15="ADC";$K15>0);$K15;0)	=SE(E($E15=AM$1;$H15="ADC";$B15>0);$B15;0)+SE(E($N15=AM$1;$Q15="ADC";$K15>0);$K15;0)	=SE(E($E15=AN$1;$H15="ADC";$B15>0);$B15;0)+SE(E($N15=AN$1;$Q15="ADC";$K15>0);$K15;0)	=SE(E($E15=AO$1;$H15="ADC";$B15>0);$B15;0)+SE(E($N15=AO$1;$Q15="ADC";$K15>0);$K15;0)	=SE(E($E15=AP$1;$H15="ADC";$B15>0);$B15;0)+SE(E($N15=AP$1;$Q15="ADC";$K15>0);$K15;0)	=SE(E($E15=AQ$1;$H15="ADC";$B15>0);$B15;0)+SE(E($N15=AQ$1;$Q15="ADC";$K15>0);$K15;0)	=SE(E($E15=AR$1;$H15="ADC";$B15>0);$B15;0)+SE(E($N15=AR$1;$Q15="ADC";$K15>0);$K15;0)		=SE(E($E15=AT$1;$H15="RDC";$B15>0);$B15;0)+SE(E($N15=AT$1;$Q15="RDC";$K15>0);$K15;0)	=SE(E($E15=AU$1;$H15="RDC";$B15>0);$B15;0)+SE(E($N15=AU$1;$Q15="RDC";$K15>0);$K15;0)	=SE(E($E15=AV$1;$H15="RDC";$B15>0);$B15;0)+SE(E($N15=AV$1;$Q15="RDC";$K15>0);$K15;0)	=SE(E($E15=AW$1;$H15="RDC";$B15>0);$B15;0)+SE(E($N15=AW$1;$Q15="RDC";$K15>0);$K15;0)	=SE(E($E15=AX$1;$H15="RDC";$B15>0);$B15;0)+SE(E($N15=AX$1;$Q15="RDC";$K15>0);$K15;0)	=SE(E($E15=AY$1;$H15="RDC";$B15>0);$B15;0)+SE(E($N15=AY$1;$Q15="RDC";$K15>0);$K15;0)	=SE(E($E15=AZ$1;$H15="RDC";$B15>0);$B15;0)+SE(E($N15=AZ$1;$Q15="RDC";$K15>0);$K15;0)	=SE(E($E15=BA$1;$H15="RDC";$B15>0);$B15;0)+SE(E($N15=BA$1;$Q15="RDC";$K15>0);$K15;0)	=SE(E($E15=BB$1;$H15="RDC";$B15>0);$B15;0)+SE(E($N15=BB$1;$Q15="RDC";$K15>0);$K15;0)
0,05	0,05	0,05	0	10	0	0	DC	0	47,45	42,7	0	0	AL	10	4,75	DC		0	0	0	0	0	0	0	=SE(E($E16=Z$1;$H16="DC";$B16>0);$B16;0)+SE(E($N16=Z$1;$Q16="DC";$K16>0);$K16;0)	=SE(E($E16=AA$1;$H16="DC";$B16>0);$B16;0)+SE(E($N16=AA$1;$Q16="DC";$K16>0);$K16;0)	=SE(E($E16=AB$1;$H16="DC";$B16>0);$B16;0)+SE(E($N16=AB$1;$Q16="DC";$K16>0);$K16;0)	=SE(E($E16=AC$1;$H16="DC";$B16>0);$B16;0)+SE(E($N16=AC$1;$Q16="DC";$K16>0);$K16;0)	=SE(E($E16=AD$1;$H16="DC";$B16>0);$B16;0)+SE(E($N16=AD$1;$Q16="DC";$K16>0);$K16;0)	=SE(E($E16=AE$1;$H16="DC";$B16>0);$B16;0)+SE(E($N16=AE$1;$Q16="DC";$K16>0);$K16;0)	=SE(E($E16=AF$1;$H16="DC";$B16>0);$B16;0)+SE(E($N16=AF$1;$Q16="DC";$K16>0);$K16;0)	=SE(E($E16=AG$1;$H16="DC";$B16>0);$B16;0)+SE(E($N16=AG$1;$Q16="DC";$K16>0);$K16;0)	=SE(E($E16=AH$1;$H16="DC";$B16>0);$B16;0)+SE(E($N16=AH$1;$Q16="DC";$K16>0);$K16;0)		=SE(E($E16=AJ$1;$H16="ADC";$B16>0);$B16;0)+SE(E($N16=AJ$1;$Q16="ADC";$K16>0);$K16;0)	=SE(E($E16=AK$1;$H16="ADC";$B16>0);$B16;0)+SE(E($N16=AK$1;$Q16="ADC";$K16>0);$K16;0)	=SE(E($E16=AL$1;$H16="ADC";$B16>0);$B16;0)+SE(E($N16=AL$1;$Q16="ADC";$K16>0);$K16;0)	=SE(E($E16=AM$1;$H16="ADC";$B16>0);$B16;0)+SE(E($N16=AM$1;$Q16="ADC";$K16>0);$K16;0)	=SE(E($E16=AN$1;$H16="ADC";$B16>0);$B16;0)+SE(E($N16=AN$1;$Q16="ADC";$K16>0);$K16;0)	=SE(E($E16=AO$1;$H16="ADC";$B16>0);$B16;0)+SE(E($N16=AO$1;$Q16="ADC";$K16>0);$K16;0)	=SE(E($E16=AP$1;$H16="ADC";$B16>0);$B16;0)+SE(E($N16=AP$1;$Q16="ADC";$K16>0);$K16;0)	=SE(E($E16=AQ$1;$H16="ADC";$B16>0);$B16;0)+SE(E($N16=AQ$1;$Q16="ADC";$K16>0);$K16;0)	=SE(E($E16=AR$1;$H16="ADC";$B16>0);$B16;0)+SE(E($N16=AR$1;$Q16="ADC";$K16>0);$K16;0)		=SE(E($E16=AT$1;$H16="RDC";$B16>0);$B16;0)+SE(E($N16=AT$1;$Q16="RDC";$K16>0);$K16;0)	=SE(E($E16=AU$1;$H16="RDC";$B16>0);$B16;0)+SE(E($N16=AU$1;$Q16="RDC";$K16>0);$K16;0)	=SE(E($E16=AV$1;$H16="RDC";$B16>0);$B16;0)+SE(E($N16=AV$1;$Q16="RDC";$K16>0);$K16;0)	=SE(E($E16=AW$1;$H16="RDC";$B16>0);$B16;0)+SE(E($N16=AW$1;$Q16="RDC";$K16>0);$K16;0)	=SE(E($E16=AX$1;$H16="RDC";$B16>0);$B16;0)+SE(E($N16=AX$1;$Q16="RDC";$K16>0);$K16;0)	=SE(E($E16=AY$1;$H16="RDC";$B16>0);$B16;0)+SE(E($N16=AY$1;$Q16="RDC";$K16>0);$K16;0)	=SE(E($E16=AZ$1;$H16="RDC";$B16>0);$B16;0)+SE(E($N16=AZ$1;$Q16="RDC";$K16>0);$K16;0)	=SE(E($E16=BA$1;$H16="RDC";$B16>0);$B16;0)+SE(E($N16=BA$1;$Q16="RDC";$K16>0);$K16;0)	=SE(E($E16=BB$1;$H16="RDC";$B16>0);$B16;0)+SE(E($N16=BB$1;$Q16="RDC";$K16>0);$K16;0)
0	42,75	0,05	0	0	0	0	TOTALE	0	0	0	0	0	0	0	0	0		33	5	3,75	42,75	0	1	0	=SE(E($E17=Z$1;$H17="DC";$B17>0);$B17;0)+SE(E($N17=Z$1;$Q17="DC";$K17>0);$K17;0)	=SE(E($E17=AA$1;$H17="DC";$B17>0);$B17;0)+SE(E($N17=AA$1;$Q17="DC";$K17>0);$K17;0)	=SE(E($E17=AB$1;$H17="DC";$B17>0);$B17;0)+SE(E($N17=AB$1;$Q17="DC";$K17>0);$K17;0)	=SE(E($E17=AC$1;$H17="DC";$B17>0);$B17;0)+SE(E($N17=AC$1;$Q17="DC";$K17>0);$K17;0)	=SE(E($E17=AD$1;$H17="DC";$B17>0);$B17;0)+SE(E($N17=AD$1;$Q17="DC";$K17>0);$K17;0)	=SE(E($E17=AE$1;$H17="DC";$B17>0);$B17;0)+SE(E($N17=AE$1;$Q17="DC";$K17>0);$K17;0)	=SE(E($E17=AF$1;$H17="DC";$B17>0);$B17;0)+SE(E($N17=AF$1;$Q17="DC";$K17>0);$K17;0)	=SE(E($E17=AG$1;$H17="DC";$B17>0);$B17;0)+SE(E($N17=AG$1;$Q17="DC";$K17>0);$K17;0)	=SE(E($E17=AH$1;$H17="DC";$B17>0);$B17;0)+SE(E($N17=AH$1;$Q17="DC";$K17>0);$K17;0)		=SE(E($E17=AJ$1;$H17="ADC";$B17>0);$B17;0)+SE(E($N17=AJ$1;$Q17="ADC";$K17>0);$K17;0)	=SE(E($E17=AK$1;$H17="ADC";$B17>0);$B17;0)+SE(E($N17=AK$1;$Q17="ADC";$K17>0);$K17;0)	=SE(E($E17=AL$1;$H17="ADC";$B17>0);$B17;0)+SE(E($N17=AL$1;$Q17="ADC";$K17>0);$K17;0)	=SE(E($E17=AM$1;$H17="ADC";$B17>0);$B17;0)+SE(E($N17=AM$1;$Q17="ADC";$K17>0);$K17;0)	=SE(E($E17=AN$1;$H17="ADC";$B17>0);$B17;0)+SE(E($N17=AN$1;$Q17="ADC";$K17>0);$K17;0)	=SE(E($E17=AO$1;$H17="ADC";$B17>0);$B17;0)+SE(E($N17=AO$1;$Q17="ADC";$K17>0);$K17;0)	=SE(E($E17=AP$1;$H17="ADC";$B17>0);$B17;0)+SE(E($N17=AP$1;$Q17="ADC";$K17>0);$K17;0)	=SE(E($E17=AQ$1;$H17="ADC";$B17>0);$B17;0)+SE(E($N17=AQ$1;$Q17="ADC";$K17>0);$K17;0)	=SE(E($E17=AR$1;$H17="ADC";$B17>0);$B17;0)+SE(E($N17=AR$1;$Q17="ADC";$K17>0);$K17;0)		=SE(E($E17=AT$1;$H17="RDC";$B17>0);$B17;0)+SE(E($N17=AT$1;$Q17="RDC";$K17>0);$K17;0)	=SE(E($E17=AU$1;$H17="RDC";$B17>0);$B17;0)+SE(E($N17=AU$1;$Q17="RDC";$K17>0);$K17;0)	=SE(E($E17=AV$1;$H17="RDC";$B17>0);$B17;0)+SE(E($N17=AV$1;$Q17="RDC";$K17>0);$K17;0)	=SE(E($E17=AW$1;$H17="RDC";$B17>0);$B17;0)+SE(E($N17=AW$1;$Q17="RDC";$K17>0);$K17;0)	=SE(E($E17=AX$1;$H17="RDC";$B17>0);$B17;0)+SE(E($N17=AX$1;$Q17="RDC";$K17>0);$K17;0)	=SE(E($E17=AY$1;$H17="RDC";$B17>0);$B17;0)+SE(E($N17=AY$1;$Q17="RDC";$K17>0);$K17;0)	=SE(E($E17=AZ$1;$H17="RDC";$B17>0);$B17;0)+SE(E($N17=AZ$1;$Q17="RDC";$K17>0);$K17;0)	=SE(E($E17=BA$1;$H17="RDC";$B17>0);$B17;0)+SE(E($N17=BA$1;$Q17="RDC";$K17>0);$K17;0)	=SE(E($E17=BB$1;$H17="RDC";$B17>0);$B17;0)+SE(E($N17=BB$1;$Q17="RDC";$K17>0);$K17;0)
0,05	0,05	0,05	0	10	0	0	DC	0	5,55	5,55	4,55	1	22	0	0	DC		0	0	0	0	0	0	0	=SE(E($E18=Z$1;$H18="DC";$B18>0);$B18;0)+SE(E($N18=Z$1;$Q18="DC";$K18>0);$K18;0)	=SE(E($E18=AA$1;$H18="DC";$B18>0);$B18;0)+SE(E($N18=AA$1;$Q18="DC";$K18>0);$K18;0)	=SE(E($E18=AB$1;$H18="DC";$B18>0);$B18;0)+SE(E($N18=AB$1;$Q18="DC";$K18>0);$K18;0)	=SE(E($E18=AC$1;$H18="DC";$B18>0);$B18;0)+SE(E($N18=AC$1;$Q18="DC";$K18>0);$K18;0)	=SE(E($E18=AD$1;$H18="DC";$B18>0);$B18;0)+SE(E($N18=AD$1;$Q18="DC";$K18>0);$K18;0)	=SE(E($E18=AE$1;$H18="DC";$B18>0);$B18;0)+SE(E($N18=AE$1;$Q18="DC";$K18>0);$K18;0)	=SE(E($E18=AF$1;$H18="DC";$B18>0);$B18;0)+SE(E($N18=AF$1;$Q18="DC";$K18>0);$K18;0)	=SE(E($E18=AG$1;$H18="DC";$B18>0);$B18;0)+SE(E($N18=AG$1;$Q18="DC";$K18>0);$K18;0)	=SE(E($E18=AH$1;$H18="DC";$B18>0);$B18;0)+SE(E($N18=AH$1;$Q18="DC";$K18>0);$K18;0)		=SE(E($E18=AJ$1;$H18="ADC";$B18>0);$B18;0)+SE(E($N18=AJ$1;$Q18="ADC";$K18>0);$K18;0)	=SE(E($E18=AK$1;$H18="ADC";$B18>0);$B18;0)+SE(E($N18=AK$1;$Q18="ADC";$K18>0);$K18;0)	=SE(E($E18=AL$1;$H18="ADC";$B18>0);$B18;0)+SE(E($N18=AL$1;$Q18="ADC";$K18>0);$K18;0)	=SE(E($E18=AM$1;$H18="ADC";$B18>0);$B18;0)+SE(E($N18=AM$1;$Q18="ADC";$K18>0);$K18;0)	=SE(E($E18=AN$1;$H18="ADC";$B18>0);$B18;0)+SE(E($N18=AN$1;$Q18="ADC";$K18>0);$K18;0)	=SE(E($E18=AO$1;$H18="ADC";$B18>0);$B18;0)+SE(E($N18=AO$1;$Q18="ADC";$K18>0);$K18;0)	=SE(E($E18=AP$1;$H18="ADC";$B18>0);$B18;0)+SE(E($N18=AP$1;$Q18="ADC";$K18>0);$K18;0)	=SE(E($E18=AQ$1;$H18="ADC";$B18>0);$B18;0)+SE(E($N18=AQ$1;$Q18="ADC";$K18>0);$K18;0)	=SE(E($E18=AR$1;$H18="ADC";$B18>0);$B18;0)+SE(E($N18=AR$1;$Q18="ADC";$K18>0);$K18;0)		=SE(E($E18=AT$1;$H18="RDC";$B18>0);$B18;0)+SE(E($N18=AT$1;$Q18="RDC";$K18>0);$K18;0)	=SE(E($E18=AU$1;$H18="RDC";$B18>0);$B18;0)+SE(E($N18=AU$1;$Q18="RDC";$K18>0);$K18;0)	=SE(E($E18=AV$1;$H18="RDC";$B18>0);$B18;0)+SE(E($N18=AV$1;$Q18="RDC";$K18>0);$K18;0)	=SE(E($E18=AW$1;$H18="RDC";$B18>0);$B18;0)+SE(E($N18=AW$1;$Q18="RDC";$K18>0);$K18;0)	=SE(E($E18=AX$1;$H18="RDC";$B18>0);$B18;0)+SE(E($N18=AX$1;$Q18="RDC";$K18>0);$K18;0)	=SE(E($E18=AY$1;$H18="RDC";$B18>0);$B18;0)+SE(E($N18=AY$1;$Q18="RDC";$K18>0);$K18;0)	=SE(E($E18=AZ$1;$H18="RDC";$B18>0);$B18;0)+SE(E($N18=AZ$1;$Q18="RDC";$K18>0);$K18;0)	=SE(E($E18=BA$1;$H18="RDC";$B18>0);$B18;0)+SE(E($N18=BA$1;$Q18="RDC";$K18>0);$K18;0)	=SE(E($E18=BB$1;$H18="RDC";$B18>0);$B18;0)+SE(E($N18=BB$1;$Q18="RDC";$K18>0);$K18;0)
0	5,6	4,59	1	0	0	0	TOTALE	0	0	0	0	0	0	0	0	0		0,6	3	1	5,6	0	1	0	=SE(E($E19=Z$1;$H19="DC";$B19>0);$B19;0)+SE(E($N19=Z$1;$Q19="DC";$K19>0);$K19;0)	=SE(E($E19=AA$1;$H19="DC";$B19>0);$B19;0)+SE(E($N19=AA$1;$Q19="DC";$K19>0);$K19;0)	=SE(E($E19=AB$1;$H19="DC";$B19>0);$B19;0)+SE(E($N19=AB$1;$Q19="DC";$K19>0);$K19;0)	=SE(E($E19=AC$1;$H19="DC";$B19>0);$B19;0)+SE(E($N19=AC$1;$Q19="DC";$K19>0);$K19;0)	=SE(E($E19=AD$1;$H19="DC";$B19>0);$B19;0)+SE(E($N19=AD$1;$Q19="DC";$K19>0);$K19;0)	=SE(E($E19=AE$1;$H19="DC";$B19>0);$B19;0)+SE(E($N19=AE$1;$Q19="DC";$K19>0);$K19;0)	=SE(E($E19=AF$1;$H19="DC";$B19>0);$B19;0)+SE(E($N19=AF$1;$Q19="DC";$K19>0);$K19;0)	=SE(E($E19=AG$1;$H19="DC";$B19>0);$B19;0)+SE(E($N19=AG$1;$Q19="DC";$K19>0);$K19;0)	=SE(E($E19=AH$1;$H19="DC";$B19>0);$B19;0)+SE(E($N19=AH$1;$Q19="DC";$K19>0);$K19;0)		=SE(E($E19=AJ$1;$H19="ADC";$B19>0);$B19;0)+SE(E($N19=AJ$1;$Q19="ADC";$K19>0);$K19;0)	=SE(E($E19=AK$1;$H19="ADC";$B19>0);$B19;0)+SE(E($N19=AK$1;$Q19="ADC";$K19>0);$K19;0)	=SE(E($E19=AL$1;$H19="ADC";$B19>0);$B19;0)+SE(E($N19=AL$1;$Q19="ADC";$K19>0);$K19;0)	=SE(E($E19=AM$1;$H19="ADC";$B19>0);$B19;0)+SE(E($N19=AM$1;$Q19="ADC";$K19>0);$K19;0)	=SE(E($E19=AN$1;$H19="ADC";$B19>0);$B19;0)+SE(E($N19=AN$1;$Q19="ADC";$K19>0);$K19;0)	=SE(E($E19=AO$1;$H19="ADC";$B19>0);$B19;0)+SE(E($N19=AO$1;$Q19="ADC";$K19>0);$K19;0)	=SE(E($E19=AP$1;$H19="ADC";$B19>0);$B19;0)+SE(E($N19=AP$1;$Q19="ADC";$K19>0);$K19;0)	=SE(E($E19=AQ$1;$H19="ADC";$B19>0);$B19;0)+SE(E($N19=AQ$1;$Q19="ADC";$K19>0);$K19;0)	=SE(E($E19=AR$1;$H19="ADC";$B19>0);$B19;0)+SE(E($N19=AR$1;$Q19="ADC";$K19>0);$K19;0)		=SE(E($E19=AT$1;$H19="RDC";$B19>0);$B19;0)+SE(E($N19=AT$1;$Q19="RDC";$K19>0);$K19;0)	=SE(E($E19=AU$1;$H19="RDC";$B19>0);$B19;0)+SE(E($N19=AU$1;$Q19="RDC";$K19>0);$K19;0)	=SE(E($E19=AV$1;$H19="RDC";$B19>0);$B19;0)+SE(E($N19=AV$1;$Q19="RDC";$K19>0);$K19;0)	=SE(E($E19=AW$1;$H19="RDC";$B19>0);$B19;0)+SE(E($N19=AW$1;$Q19="RDC";$K19>0);$K19;0)	=SE(E($E19=AX$1;$H19="RDC";$B19>0);$B19;0)+SE(E($N19=AX$1;$Q19="RDC";$K19>0);$K19;0)	=SE(E($E19=AY$1;$H19="RDC";$B19>0);$B19;0)+SE(E($N19=AY$1;$Q19="RDC";$K19>0);$K19;0)	=SE(E($E19=AZ$1;$H19="RDC";$B19>0);$B19;0)+SE(E($N19=AZ$1;$Q19="RDC";$K19>0);$K19;0)	=SE(E($E19=BA$1;$H19="RDC";$B19>0);$B19;0)+SE(E($N19=BA$1;$Q19="RDC";$K19>0);$K19;0)	=SE(E($E19=BB$1;$H19="RDC";$B19>0);$B19;0)+SE(E($N19=BB$1;$Q19="RDC";$K19>0);$K19;0)
0,05	0,05	0,05	0	10	0	0	DC	0	1,5	1,5	0	0	AL	0	0	DC		0	0	0	0	0	0	0	=SE(E($E20=Z$1;$H20="DC";$B20>0);$B20;0)+SE(E($N20=Z$1;$Q20="DC";$K20>0);$K20;0)	=SE(E($E20=AA$1;$H20="DC";$B20>0);$B20;0)+SE(E($N20=AA$1;$Q20="DC";$K20>0);$K20;0)	=SE(E($E20=AB$1;$H20="DC";$B20>0);$B20;0)+SE(E($N20=AB$1;$Q20="DC";$K20>0);$K20;0)	=SE(E($E20=AC$1;$H20="DC";$B20>0);$B20;0)+SE(E($N20=AC$1;$Q20="DC";$K20>0);$K20;0)	=SE(E($E20=AD$1;$H20="DC";$B20>0);$B20;0)+SE(E($N20=AD$1;$Q20="DC";$K20>0);$K20;0)	=SE(E($E20=AE$1;$H20="DC";$B20>0);$B20;0)+SE(E($N20=AE$1;$Q20="DC";$K20>0);$K20;0)	=SE(E($E20=AF$1;$H20="DC";$B20>0);$B20;0)+SE(E($N20=AF$1;$Q20="DC";$K20>0);$K20;0)	=SE(E($E20=AG$1;$H20="DC";$B20>0);$B20;0)+SE(E($N20=AG$1;$Q20="DC";$K20>0);$K20;0)	=SE(E($E20=AH$1;$H20="DC";$B20>0);$B20;0)+SE(E($N20=AH$1;$Q20="DC";$K20>0);$K20;0)		=SE(E($E20=AJ$1;$H20="ADC";$B20>0);$B20;0)+SE(E($N20=AJ$1;$Q20="ADC";$K20>0);$K20;0)	=SE(E($E20=AK$1;$H20="ADC";$B20>0);$B20;0)+SE(E($N20=AK$1;$Q20="ADC";$K20>0);$K20;0)	=SE(E($E20=AL$1;$H20="ADC";$B20>0);$B20;0)+SE(E($N20=AL$1;$Q20="ADC";$K20>0);$K20;0)	=SE(E($E20=AM$1;$H20="ADC";$B20>0);$B20;0)+SE(E($N20=AM$1;$Q20="ADC";$K20>0);$K20;0)	=SE(E($E20=AN$1;$H20="ADC";$B20>0);$B20;0)+SE(E($N20=AN$1;$Q20="ADC";$K20>0);$K20;0)	=SE(E($E20=AO$1;$H20="ADC";$B20>0);$B20;0)+SE(E($N20=AO$1;$Q20="ADC";$K20>0);$K20;0)	=SE(E($E20=AP$1;$H20="ADC";$B20>0);$B20;0)+SE(E($N20=AP$1;$Q20="ADC";$K20>0);$K20;0)	=SE(E($E20=AQ$1;$H20="ADC";$B20>0);$B20;0)+SE(E($N20=AQ$1;$Q20="ADC";$K20>0);$K20;0)	=SE(E($E20=AR$1;$H20="ADC";$B20>0);$B20;0)+SE(E($N20=AR$1;$Q20="ADC";$K20>0);$K20;0)		=SE(E($E20=AT$1;$H20="RDC";$B20>0);$B20;0)+SE(E($N20=AT$1;$Q20="RDC";$K20>0);$K20;0)	=SE(E($E20=AU$1;$H20="RDC";$B20>0);$B20;0)+SE(E($N20=AU$1;$Q20="RDC";$K20>0);$K20;0)	=SE(E($E20=AV$1;$H20="RDC";$B20>0);$B20;0)+SE(E($N20=AV$1;$Q20="RDC";$K20>0);$K20;0)	=SE(E($E20=AW$1;$H20="RDC";$B20>0);$B20;0)+SE(E($N20=AW$1;$Q20="RDC";$K20>0);$K20;0)	=SE(E($E20=AX$1;$H20="RDC";$B20>0);$B20;0)+SE(E($N20=AX$1;$Q20="RDC";$K20>0);$K20;0)	=SE(E($E20=AY$1;$H20="RDC";$B20>0);$B20;0)+SE(E($N20=AY$1;$Q20="RDC";$K20>0);$K20;0)	=SE(E($E20=AZ$1;$H20="RDC";$B20>0);$B20;0)+SE(E($N20=AZ$1;$Q20="RDC";$K20>0);$K20;0)	=SE(E($E20=BA$1;$H20="RDC";$B20>0);$B20;0)+SE(E($N20=BA$1;$Q20="RDC";$K20>0);$K20;0)	=SE(E($E20=BB$1;$H20="RDC";$B20>0);$B20;0)+SE(E($N20=BB$1;$Q20="RDC";$K20>0);$K20;0)
0	1,55	0,05	0	0	0	0	TOTALE	0	0	0	0	0	0	0	0	0		1	0,05	0,4	1,55	0	0,1	0	=SE(E($E21=Z$1;$H21="DC";$B21>0);$B21;0)+SE(E($N21=Z$1;$Q21="DC";$K21>0);$K21;0)	=SE(E($E21=AA$1;$H21="DC";$B21>0);$B21;0)+SE(E($N21=AA$1;$Q21="DC";$K21>0);$K21;0)	=SE(E($E21=AB$1;$H21="DC";$B21>0);$B21;0)+SE(E($N21=AB$1;$Q21="DC";$K21>0);$K21;0)	=SE(E($E21=AC$1;$H21="DC";$B21>0);$B21;0)+SE(E($N21=AC$1;$Q21="DC";$K21>0);$K21;0)	=SE(E($E21=AD$1;$H21="DC";$B21>0);$B21;0)+SE(E($N21=AD$1;$Q21="DC";$K21>0);$K21;0)	=SE(E($E21=AE$1;$H21="DC";$B21>0);$B21;0)+SE(E($N21=AE$1;$Q21="DC";$K21>0);$K21;0)	=SE(E($E21=AF$1;$H21="DC";$B21>0);$B21;0)+SE(E($N21=AF$1;$Q21="DC";$K21>0);$K21;0)	=SE(E($E21=AG$1;$H21="DC";$B21>0);$B21;0)+SE(E($N21=AG$1;$Q21="DC";$K21>0);$K21;0)	=SE(E($E21=AH$1;$H21="DC";$B21>0);$B21;0)+SE(E($N21=AH$1;$Q21="DC";$K21>0);$K21;0)		=SE(E($E21=AJ$1;$H21="ADC";$B21>0);$B21;0)+SE(E($N21=AJ$1;$Q21="ADC";$K21>0);$K21;0)	=SE(E($E21=AK$1;$H21="ADC";$B21>0);$B21;0)+SE(E($N21=AK$1;$Q21="ADC";$K21>0);$K21;0)	=SE(E($E21=AL$1;$H21="ADC";$B21>0);$B21;0)+SE(E($N21=AL$1;$Q21="ADC";$K21>0);$K21;0)	=SE(E($E21=AM$1;$H21="ADC";$B21>0);$B21;0)+SE(E($N21=AM$1;$Q21="ADC";$K21>0);$K21;0)	=SE(E($E21=AN$1;$H21="ADC";$B21>0);$B21;0)+SE(E($N21=AN$1;$Q21="ADC";$K21>0);$K21;0)	=SE(E($E21=AO$1;$H21="ADC";$B21>0);$B21;0)+SE(E($N21=AO$1;$Q21="ADC";$K21>0);$K21;0)	=SE(E($E21=AP$1;$H21="ADC";$B21>0);$B21;0)+SE(E($N21=AP$1;$Q21="ADC";$K21>0);$K21;0)	=SE(E($E21=AQ$1;$H21="ADC";$B21>0);$B21;0)+SE(E($N21=AQ$1;$Q21="ADC";$K21>0);$K21;0)	=SE(E($E21=AR$1;$H21="ADC";$B21>0);$B21;0)+SE(E($N21=AR$1;$Q21="ADC";$K21>0);$K21;0)		=SE(E($E21=AT$1;$H21="RDC";$B21>0);$B21;0)+SE(E($N21=AT$1;$Q21="RDC";$K21>0);$K21;0)	=SE(E($E21=AU$1;$H21="RDC";$B21>0);$B21;0)+SE(E($N21=AU$1;$Q21="RDC";$K21>0);$K21;0)	=SE(E($E21=AV$1;$H21="RDC";$B21>0);$B21;0)+SE(E($N21=AV$1;$Q21="RDC";$K21>0);$K21;0)	=SE(E($E21=AW$1;$H21="RDC";$B21>0);$B21;0)+SE(E($N21=AW$1;$Q21="RDC";$K21>0);$K21;0)	=SE(E($E21=AX$1;$H21="RDC";$B21>0);$B21;0)+SE(E($N21=AX$1;$Q21="RDC";$K21>0);$K21;0)	=SE(E($E21=AY$1;$H21="RDC";$B21>0);$B21;0)+SE(E($N21=AY$1;$Q21="RDC";$K21>0);$K21;0)	=SE(E($E21=AZ$1;$H21="RDC";$B21>0);$B21;0)+SE(E($N21=AZ$1;$Q21="RDC";$K21>0);$K21;0)	=SE(E($E21=BA$1;$H21="RDC";$B21>0);$B21;0)+SE(E($N21=BA$1;$Q21="RDC";$K21>0);$K21;0)	=SE(E($E21=BB$1;$H21="RDC";$B21>0);$B21;0)+SE(E($N21=BB$1;$Q21="RDC";$K21>0);$K21;0)
0,05	0,05	0	0	RM	0	0	DC	0	1,5	1,5	0	0	AL	0	0	DC		0	0	0	0	0	0	0	=SE(E($E22=Z$1;$H22="DC";$B22>0);$B22;0)+SE(E($N22=Z$1;$Q22="DC";$K22>0);$K22;0)	=SE(E($E22=AA$1;$H22="DC";$B22>0);$B22;0)+SE(E($N22=AA$1;$Q22="DC";$K22>0);$K22;0)	=SE(E($E22=AB$1;$H22="DC";$B22>0);$B22;0)+SE(E($N22=AB$1;$Q22="DC";$K22>0);$K22;0)	=SE(E($E22=AC$1;$H22="DC";$B22>0);$B22;0)+SE(E($N22=AC$1;$Q22="DC";$K22>0);$K22;0)	=SE(E($E22=AD$1;$H22="DC";$B22>0);$B22;0)+SE(E($N22=AD$1;$Q22="DC";$K22>0);$K22;0)	=SE(E($E22=AE$1;$H22="DC";$B22>0);$B22;0)+SE(E($N22=AE$1;$Q22="DC";$K22>0);$K22;0)	=SE(E($E22=AF$1;$H22="DC";$B22>0);$B22;0)+SE(E($N22=AF$1;$Q22="DC";$K22>0);$K22;0)	=SE(E($E22=AG$1;$H22="DC";$B22>0);$B22;0)+SE(E($N22=AG$1;$Q22="DC";$K22>0);$K22;0)	=SE(E($E22=AH$1;$H22="DC";$B22>0);$B22;0)+SE(E($N22=AH$1;$Q22="DC";$K22>0);$K22;0)		=SE(E($E22=AJ$1;$H22="ADC";$B22>0);$B22;0)+SE(E($N22=AJ$1;$Q22="ADC";$K22>0);$K22;0)	=SE(E($E22=AK$1;$H22="ADC";$B22>0);$B22;0)+SE(E($N22=AK$1;$Q22="ADC";$K22>0);$K22;0)	=SE(E($E22=AL$1;$H22="ADC";$B22>0);$B22;0)+SE(E($N22=AL$1;$Q22="ADC";$K22>0);$K22;0)	=SE(E($E22=AM$1;$H22="ADC";$B22>0);$B22;0)+SE(E($N22=AM$1;$Q22="ADC";$K22>0);$K22;0)	=SE(E($E22=AN$1;$H22="ADC";$B22>0);$B22;0)+SE(E($N22=AN$1;$Q22="ADC";$K22>0);$K22;0)	=SE(E($E22=AO$1;$H22="ADC";$B22>0);$B22;0)+SE(E($N22=AO$1;$Q22="ADC";$K22>0);$K22;0)	=SE(E($E22=AP$1;$H22="ADC";$B22>0);$B22;0)+SE(E($N22=AP$1;$Q22="ADC";$K22>0);$K22;0)	=SE(E($E22=AQ$1;$H22="ADC";$B22>0);$B22;0)+SE(E($N22=AQ$1;$Q22="ADC";$K22>0);$K22;0)	=SE(E($E22=AR$1;$H22="ADC";$B22>0);$B22;0)+SE(E($N22=AR$1;$Q22="ADC";$K22>0);$K22;0)		=SE(E($E22=AT$1;$H22="RDC";$B22>0);$B22;0)+SE(E($N22=AT$1;$Q22="RDC";$K22>0);$K22;0)	=SE(E($E22=AU$1;$H22="RDC";$B22>0);$B22;0)+SE(E($N22=AU$1;$Q22="RDC";$K22>0);$K22;0)	=SE(E($E22=AV$1;$H22="RDC";$B22>0);$B22;0)+SE(E($N22=AV$1;$Q22="RDC";$K22>0);$K22;0)	=SE(E($E22=AW$1;$H22="RDC";$B22>0);$B22;0)+SE(E($N22=AW$1;$Q22="RDC";$K22>0);$K22;0)	=SE(E($E22=AX$1;$H22="RDC";$B22>0);$B22;0)+SE(E($N22=AX$1;$Q22="RDC";$K22>0);$K22;0)	=SE(E($E22=AY$1;$H22="RDC";$B22>0);$B22;0)+SE(E($N22=AY$1;$Q22="RDC";$K22>0);$K22;0)	=SE(E($E22=AZ$1;$H22="RDC";$B22>0);$B22;0)+SE(E($N22=AZ$1;$Q22="RDC";$K22>0);$K22;0)	=SE(E($E22=BA$1;$H22="RDC";$B22>0);$B22;0)+SE(E($N22=BA$1;$Q22="RDC";$K22>0);$K22;0)	=SE(E($E22=BB$1;$H22="RDC";$B22>0);$B22;0)+SE(E($N22=BB$1;$Q22="RDC";$K22>0);$K22;0)
0	1,55	0	0	0	0	0	TOTALE	0	0	0	0	0	0	0	0	0		0,15	0,4	0,5	1,55	0	0,5	0	=SE(E($E23=Z$1;$H23="DC";$B23>0);$B23;0)+SE(E($N23=Z$1;$Q23="DC";$K23>0);$K23;0)	=SE(E($E23=AA$1;$H23="DC";$B23>0);$B23;0)+SE(E($N23=AA$1;$Q23="DC";$K23>0);$K23;0)	=SE(E($E23=AB$1;$H23="DC";$B23>0);$B23;0)+SE(E($N23=AB$1;$Q23="DC";$K23>0);$K23;0)	=SE(E($E23=AC$1;$H23="DC";$B23>0);$B23;0)+SE(E($N23=AC$1;$Q23="DC";$K23>0);$K23;0)	=SE(E($E23=AD$1;$H23="DC";$B23>0);$B23;0)+SE(E($N23=AD$1;$Q23="DC";$K23>0);$K23;0)	=SE(E($E23=AE$1;$H23="DC";$B23>0);$B23;0)+SE(E($N23=AE$1;$Q23="DC";$K23>0);$K23;0)	=SE(E($E23=AF$1;$H23="DC";$B23>0);$B23;0)+SE(E($N23=AF$1;$Q23="DC";$K23>0);$K23;0)	=SE(E($E23=AG$1;$H23="DC";$B23>0);$B23;0)+SE(E($N23=AG$1;$Q23="DC";$K23>0);$K23;0)	=SE(E($E23=AH$1;$H23="DC";$B23>0);$B23;0)+SE(E($N23=AH$1;$Q23="DC";$K23>0);$K23;0)		=SE(E($E23=AJ$1;$H23="ADC";$B23>0);$B23;0)+SE(E($N23=AJ$1;$Q23="ADC";$K23>0);$K23;0)	=SE(E($E23=AK$1;$H23="ADC";$B23>0);$B23;0)+SE(E($N23=AK$1;$Q23="ADC";$K23>0);$K23;0)	=SE(E($E23=AL$1;$H23="ADC";$B23>0);$B23;0)+SE(E($N23=AL$1;$Q23="ADC";$K23>0);$K23;0)	=SE(E($E23=AM$1;$H23="ADC";$B23>0);$B23;0)+SE(E($N23=AM$1;$Q23="ADC";$K23>0);$K23;0)	=SE(E($E23=AN$1;$H23="ADC";$B23>0);$B23;0)+SE(E($N23=AN$1;$Q23="ADC";$K23>0);$K23;0)	=SE(E($E23=AO$1;$H23="ADC";$B23>0);$B23;0)+SE(E($N23=AO$1;$Q23="ADC";$K23>0);$K23;0)	=SE(E($E23=AP$1;$H23="ADC";$B23>0);$B23;0)+SE(E($N23=AP$1;$Q23="ADC";$K23>0);$K23;0)	=SE(E($E23=AQ$1;$H23="ADC";$B23>0);$B23;0)+SE(E($N23=AQ$1;$Q23="ADC";$K23>0);$K23;0)	=SE(E($E23=AR$1;$H23="ADC";$B23>0);$B23;0)+SE(E($N23=AR$1;$Q23="ADC";$K23>0);$K23;0)		=SE(E($E23=AT$1;$H23="RDC";$B23>0);$B23;0)+SE(E($N23=AT$1;$Q23="RDC";$K23>0);$K23;0)	=SE(E($E23=AU$1;$H23="RDC";$B23>0);$B23;0)+SE(E($N23=AU$1;$Q23="RDC";$K23>0);$K23;0)	=SE(E($E23=AV$1;$H23="RDC";$B23>0);$B23;0)+SE(E($N23=AV$1;$Q23="RDC";$K23>0);$K23;0)	=SE(E($E23=AW$1;$H23="RDC";$B23>0);$B23;0)+SE(E($N23=AW$1;$Q23="RDC";$K23>0);$K23;0)	=SE(E($E23=AX$1;$H23="RDC";$B23>0);$B23;0)+SE(E($N23=AX$1;$Q23="RDC";$K23>0);$K23;0)	=SE(E($E23=AY$1;$H23="RDC";$B23>0);$B23;0)+SE(E($N23=AY$1;$Q23="RDC";$K23>0);$K23;0)	=SE(E($E23=AZ$1;$H23="RDC";$B23>0);$B23;0)+SE(E($N23=AZ$1;$Q23="RDC";$K23>0);$K23;0)	=SE(E($E23=BA$1;$H23="RDC";$B23>0);$B23;0)+SE(E($N23=BA$1;$Q23="RDC";$K23>0);$K23;0)	=SE(E($E23=BB$1;$H23="RDC";$B23>0);$B23;0)+SE(E($N23=BB$1;$Q23="RDC";$K23>0);$K23;0)
-1,5	-1,5	-1,23	-0,27	22	0	0	DC	0	-15	-15	-13,64	-1,36	10	0	0	DC		0	0	0	0	0	0	0	=SE(E($E24=Z$1;$H24="DC";$B24>0);$B24;0)+SE(E($N24=Z$1;$Q24="DC";$K24>0);$K24;0)	=SE(E($E24=AA$1;$H24="DC";$B24>0);$B24;0)+SE(E($N24=AA$1;$Q24="DC";$K24>0);$K24;0)	=SE(E($E24=AB$1;$H24="DC";$B24>0);$B24;0)+SE(E($N24=AB$1;$Q24="DC";$K24>0);$K24;0)	=SE(E($E24=AC$1;$H24="DC";$B24>0);$B24;0)+SE(E($N24=AC$1;$Q24="DC";$K24>0);$K24;0)	=SE(E($E24=AD$1;$H24="DC";$B24>0);$B24;0)+SE(E($N24=AD$1;$Q24="DC";$K24>0);$K24;0)	=SE(E($E24=AE$1;$H24="DC";$B24>0);$B24;0)+SE(E($N24=AE$1;$Q24="DC";$K24>0);$K24;0)	=SE(E($E24=AF$1;$H24="DC";$B24>0);$B24;0)+SE(E($N24=AF$1;$Q24="DC";$K24>0);$K24;0)	=SE(E($E24=AG$1;$H24="DC";$B24>0);$B24;0)+SE(E($N24=AG$1;$Q24="DC";$K24>0);$K24;0)	=SE(E($E24=AH$1;$H24="DC";$B24>0);$B24;0)+SE(E($N24=AH$1;$Q24="DC";$K24>0);$K24;0)		=SE(E($E24=AJ$1;$H24="ADC";$B24>0);$B24;0)+SE(E($N24=AJ$1;$Q24="ADC";$K24>0);$K24;0)	=SE(E($E24=AK$1;$H24="ADC";$B24>0);$B24;0)+SE(E($N24=AK$1;$Q24="ADC";$K24>0);$K24;0)	=SE(E($E24=AL$1;$H24="ADC";$B24>0);$B24;0)+SE(E($N24=AL$1;$Q24="ADC";$K24>0);$K24;0)	=SE(E($E24=AM$1;$H24="ADC";$B24>0);$B24;0)+SE(E($N24=AM$1;$Q24="ADC";$K24>0);$K24;0)	=SE(E($E24=AN$1;$H24="ADC";$B24>0);$B24;0)+SE(E($N24=AN$1;$Q24="ADC";$K24>0);$K24;0)	=SE(E($E24=AO$1;$H24="ADC";$B24>0);$B24;0)+SE(E($N24=AO$1;$Q24="ADC";$K24>0);$K24;0)	=SE(E($E24=AP$1;$H24="ADC";$B24>0);$B24;0)+SE(E($N24=AP$1;$Q24="ADC";$K24>0);$K24;0)	=SE(E($E24=AQ$1;$H24="ADC";$B24>0);$B24;0)+SE(E($N24=AQ$1;$Q24="ADC";$K24>0);$K24;0)	=SE(E($E24=AR$1;$H24="ADC";$B24>0);$B24;0)+SE(E($N24=AR$1;$Q24="ADC";$K24>0);$K24;0)		=SE(E($E24=AT$1;$H24="RDC";$B24>0);$B24;0)+SE(E($N24=AT$1;$Q24="RDC";$K24>0);$K24;0)	=SE(E($E24=AU$1;$H24="RDC";$B24>0);$B24;0)+SE(E($N24=AU$1;$Q24="RDC";$K24>0);$K24;0)	=SE(E($E24=AV$1;$H24="RDC";$B24>0);$B24;0)+SE(E($N24=AV$1;$Q24="RDC";$K24>0);$K24;0)	=SE(E($E24=AW$1;$H24="RDC";$B24>0);$B24;0)+SE(E($N24=AW$1;$Q24="RDC";$K24>0);$K24;0)	=SE(E($E24=AX$1;$H24="RDC";$B24>0);$B24;0)+SE(E($N24=AX$1;$Q24="RDC";$K24>0);$K24;0)	=SE(E($E24=AY$1;$H24="RDC";$B24>0);$B24;0)+SE(E($N24=AY$1;$Q24="RDC";$K24>0);$K24;0)	=SE(E($E24=AZ$1;$H24="RDC";$B24>0);$B24;0)+SE(E($N24=AZ$1;$Q24="RDC";$K24>0);$K24;0)	=SE(E($E24=BA$1;$H24="RDC";$B24>0);$B24;0)+SE(E($N24=BA$1;$Q24="RDC";$K24>0);$K24;0)	=SE(E($E24=BB$1;$H24="RDC";$B24>0);$B24;0)+SE(E($N24=BB$1;$Q24="RDC";$K24>0);$K24;0)
0	-16,5	-14,87	-1,63	0	0	0	TOTALE	0	0	0	0	0	0	0	0	0		2	3	10	-16,5	0	1,5	0	=SE(E($E25=Z$1;$H25="DC";$B25>0);$B25;0)+SE(E($N25=Z$1;$Q25="DC";$K25>0);$K25;0)	=SE(E($E25=AA$1;$H25="DC";$B25>0);$B25;0)+SE(E($N25=AA$1;$Q25="DC";$K25>0);$K25;0)	=SE(E($E25=AB$1;$H25="DC";$B25>0);$B25;0)+SE(E($N25=AB$1;$Q25="DC";$K25>0);$K25;0)	=SE(E($E25=AC$1;$H25="DC";$B25>0);$B25;0)+SE(E($N25=AC$1;$Q25="DC";$K25>0);$K25;0)	=SE(E($E25=AD$1;$H25="DC";$B25>0);$B25;0)+SE(E($N25=AD$1;$Q25="DC";$K25>0);$K25;0)	=SE(E($E25=AE$1;$H25="DC";$B25>0);$B25;0)+SE(E($N25=AE$1;$Q25="DC";$K25>0);$K25;0)	=SE(E($E25=AF$1;$H25="DC";$B25>0);$B25;0)+SE(E($N25=AF$1;$Q25="DC";$K25>0);$K25;0)	=SE(E($E25=AG$1;$H25="DC";$B25>0);$B25;0)+SE(E($N25=AG$1;$Q25="DC";$K25>0);$K25;0)	=SE(E($E25=AH$1;$H25="DC";$B25>0);$B25;0)+SE(E($N25=AH$1;$Q25="DC";$K25>0);$K25;0)		=SE(E($E25=AJ$1;$H25="ADC";$B25>0);$B25;0)+SE(E($N25=AJ$1;$Q25="ADC";$K25>0);$K25;0)	=SE(E($E25=AK$1;$H25="ADC";$B25>0);$B25;0)+SE(E($N25=AK$1;$Q25="ADC";$K25>0);$K25;0)	=SE(E($E25=AL$1;$H25="ADC";$B25>0);$B25;0)+SE(E($N25=AL$1;$Q25="ADC";$K25>0);$K25;0)	=SE(E($E25=AM$1;$H25="ADC";$B25>0);$B25;0)+SE(E($N25=AM$1;$Q25="ADC";$K25>0);$K25;0)	=SE(E($E25=AN$1;$H25="ADC";$B25>0);$B25;0)+SE(E($N25=AN$1;$Q25="ADC";$K25>0);$K25;0)	=SE(E($E25=AO$1;$H25="ADC";$B25>0);$B25;0)+SE(E($N25=AO$1;$Q25="ADC";$K25>0);$K25;0)	=SE(E($E25=AP$1;$H25="ADC";$B25>0);$B25;0)+SE(E($N25=AP$1;$Q25="ADC";$K25>0);$K25;0)	=SE(E($E25=AQ$1;$H25="ADC";$B25>0);$B25;0)+SE(E($N25=AQ$1;$Q25="ADC";$K25>0);$K25;0)	=SE(E($E25=AR$1;$H25="ADC";$B25>0);$B25;0)+SE(E($N25=AR$1;$Q25="ADC";$K25>0);$K25;0)		=SE(E($E25=AT$1;$H25="RDC";$B25>0);$B25;0)+SE(E($N25=AT$1;$Q25="RDC";$K25>0);$K25;0)	=SE(E($E25=AU$1;$H25="RDC";$B25>0);$B25;0)+SE(E($N25=AU$1;$Q25="RDC";$K25>0);$K25;0)	=SE(E($E25=AV$1;$H25="RDC";$B25>0);$B25;0)+SE(E($N25=AV$1;$Q25="RDC";$K25>0);$K25;0)	=SE(E($E25=AW$1;$H25="RDC";$B25>0);$B25;0)+SE(E($N25=AW$1;$Q25="RDC";$K25>0);$K25;0)	=SE(E($E25=AX$1;$H25="RDC";$B25>0);$B25;0)+SE(E($N25=AX$1;$Q25="RDC";$K25>0);$K25;0)	=SE(E($E25=AY$1;$H25="RDC";$B25>0);$B25;0)+SE(E($N25=AY$1;$Q25="RDC";$K25>0);$K25;0)	=SE(E($E25=AZ$1;$H25="RDC";$B25>0);$B25;0)+SE(E($N25=AZ$1;$Q25="RDC";$K25>0);$K25;0)	=SE(E($E25=BA$1;$H25="RDC";$B25>0);$B25;0)+SE(E($N25=BA$1;$Q25="RDC";$K25>0);$K25;0)	=SE(E($E25=BB$1;$H25="RDC";$B25>0);$B25;0)+SE(E($N25=BB$1;$Q25="RDC";$K25>0);$K25;0)
15,05	15,05	13,68	1,37	10	0	0	DC	0	98,5	98,5	80,74	17,76	22	0	0	DC		0	0	0	0	0	0	0	=SE(E($E26=Z$1;$H26="DC";$B26>0);$B26;0)+SE(E($N26=Z$1;$Q26="DC";$K26>0);$K26;0)	=SE(E($E26=AA$1;$H26="DC";$B26>0);$B26;0)+SE(E($N26=AA$1;$Q26="DC";$K26>0);$K26;0)	=SE(E($E26=AB$1;$H26="DC";$B26>0);$B26;0)+SE(E($N26=AB$1;$Q26="DC";$K26>0);$K26;0)	=SE(E($E26=AC$1;$H26="DC";$B26>0);$B26;0)+SE(E($N26=AC$1;$Q26="DC";$K26>0);$K26;0)	=SE(E($E26=AD$1;$H26="DC";$B26>0);$B26;0)+SE(E($N26=AD$1;$Q26="DC";$K26>0);$K26;0)	=SE(E($E26=AE$1;$H26="DC";$B26>0);$B26;0)+SE(E($N26=AE$1;$Q26="DC";$K26>0);$K26;0)	=SE(E($E26=AF$1;$H26="DC";$B26>0);$B26;0)+SE(E($N26=AF$1;$Q26="DC";$K26>0);$K26;0)	=SE(E($E26=AG$1;$H26="DC";$B26>0);$B26;0)+SE(E($N26=AG$1;$Q26="DC";$K26>0);$K26;0)	=SE(E($E26=AH$1;$H26="DC";$B26>0);$B26;0)+SE(E($N26=AH$1;$Q26="DC";$K26>0);$K26;0)		=SE(E($E26=AJ$1;$H26="ADC";$B26>0);$B26;0)+SE(E($N26=AJ$1;$Q26="ADC";$K26>0);$K26;0)	=SE(E($E26=AK$1;$H26="ADC";$B26>0);$B26;0)+SE(E($N26=AK$1;$Q26="ADC";$K26>0);$K26;0)	=SE(E($E26=AL$1;$H26="ADC";$B26>0);$B26;0)+SE(E($N26=AL$1;$Q26="ADC";$K26>0);$K26;0)	=SE(E($E26=AM$1;$H26="ADC";$B26>0);$B26;0)+SE(E($N26=AM$1;$Q26="ADC";$K26>0);$K26;0)	=SE(E($E26=AN$1;$H26="ADC";$B26>0);$B26;0)+SE(E($N26=AN$1;$Q26="ADC";$K26>0);$K26;0)	=SE(E($E26=AO$1;$H26="ADC";$B26>0);$B26;0)+SE(E($N26=AO$1;$Q26="ADC";$K26>0);$K26;0)	=SE(E($E26=AP$1;$H26="ADC";$B26>0);$B26;0)+SE(E($N26=AP$1;$Q26="ADC";$K26>0);$K26;0)	=SE(E($E26=AQ$1;$H26="ADC";$B26>0);$B26;0)+SE(E($N26=AQ$1;$Q26="ADC";$K26>0);$K26;0)	=SE(E($E26=AR$1;$H26="ADC";$B26>0);$B26;0)+SE(E($N26=AR$1;$Q26="ADC";$K26>0);$K26;0)		=SE(E($E26=AT$1;$H26="RDC";$B26>0);$B26;0)+SE(E($N26=AT$1;$Q26="RDC";$K26>0);$K26;0)	=SE(E($E26=AU$1;$H26="RDC";$B26>0);$B26;0)+SE(E($N26=AU$1;$Q26="RDC";$K26>0);$K26;0)	=SE(E($E26=AV$1;$H26="RDC";$B26>0);$B26;0)+SE(E($N26=AV$1;$Q26="RDC";$K26>0);$K26;0)	=SE(E($E26=AW$1;$H26="RDC";$B26>0);$B26;0)+SE(E($N26=AW$1;$Q26="RDC";$K26>0);$K26;0)	=SE(E($E26=AX$1;$H26="RDC";$B26>0);$B26;0)+SE(E($N26=AX$1;$Q26="RDC";$K26>0);$K26;0)	=SE(E($E26=AY$1;$H26="RDC";$B26>0);$B26;0)+SE(E($N26=AY$1;$Q26="RDC";$K26>0);$K26;0)	=SE(E($E26=AZ$1;$H26="RDC";$B26>0);$B26;0)+SE(E($N26=AZ$1;$Q26="RDC";$K26>0);$K26;0)	=SE(E($E26=BA$1;$H26="RDC";$B26>0);$B26;0)+SE(E($N26=BA$1;$Q26="RDC";$K26>0);$K26;0)	=SE(E($E26=BB$1;$H26="RDC";$B26>0);$B26;0)+SE(E($N26=BB$1;$Q26="RDC";$K26>0);$K26;0)
0	113,55	94,42	19,13	0	0	0	TOTALE	0	0	0	0	0	0	0	0	0		0,55	100	13	113,55	0	13	0	=SE(E($E27=Z$1;$H27="DC";$B27>0);$B27;0)+SE(E($N27=Z$1;$Q27="DC";$K27>0);$K27;0)	=SE(E($E27=AA$1;$H27="DC";$B27>0);$B27;0)+SE(E($N27=AA$1;$Q27="DC";$K27>0);$K27;0)	=SE(E($E27=AB$1;$H27="DC";$B27>0);$B27;0)+SE(E($N27=AB$1;$Q27="DC";$K27>0);$K27;0)	=SE(E($E27=AC$1;$H27="DC";$B27>0);$B27;0)+SE(E($N27=AC$1;$Q27="DC";$K27>0);$K27;0)	=SE(E($E27=AD$1;$H27="DC";$B27>0);$B27;0)+SE(E($N27=AD$1;$Q27="DC";$K27>0);$K27;0)	=SE(E($E27=AE$1;$H27="DC";$B27>0);$B27;0)+SE(E($N27=AE$1;$Q27="DC";$K27>0);$K27;0)	=SE(E($E27=AF$1;$H27="DC";$B27>0);$B27;0)+SE(E($N27=AF$1;$Q27="DC";$K27>0);$K27;0)	=SE(E($E27=AG$1;$H27="DC";$B27>0);$B27;0)+SE(E($N27=AG$1;$Q27="DC";$K27>0);$K27;0)	=SE(E($E27=AH$1;$H27="DC";$B27>0);$B27;0)+SE(E($N27=AH$1;$Q27="DC";$K27>0);$K27;0)		=SE(E($E27=AJ$1;$H27="ADC";$B27>0);$B27;0)+SE(E($N27=AJ$1;$Q27="ADC";$K27>0);$K27;0)	=SE(E($E27=AK$1;$H27="ADC";$B27>0);$B27;0)+SE(E($N27=AK$1;$Q27="ADC";$K27>0);$K27;0)	=SE(E($E27=AL$1;$H27="ADC";$B27>0);$B27;0)+SE(E($N27=AL$1;$Q27="ADC";$K27>0);$K27;0)	=SE(E($E27=AM$1;$H27="ADC";$B27>0);$B27;0)+SE(E($N27=AM$1;$Q27="ADC";$K27>0);$K27;0)	=SE(E($E27=AN$1;$H27="ADC";$B27>0);$B27;0)+SE(E($N27=AN$1;$Q27="ADC";$K27>0);$K27;0)	=SE(E($E27=AO$1;$H27="ADC";$B27>0);$B27;0)+SE(E($N27=AO$1;$Q27="ADC";$K27>0);$K27;0)	=SE(E($E27=AP$1;$H27="ADC";$B27>0);$B27;0)+SE(E($N27=AP$1;$Q27="ADC";$K27>0);$K27;0)	=SE(E($E27=AQ$1;$H27="ADC";$B27>0);$B27;0)+SE(E($N27=AQ$1;$Q27="ADC";$K27>0);$K27;0)	=SE(E($E27=AR$1;$H27="ADC";$B27>0);$B27;0)+SE(E($N27=AR$1;$Q27="ADC";$K27>0);$K27;0)		=SE(E($E27=AT$1;$H27="RDC";$B27>0);$B27;0)+SE(E($N27=AT$1;$Q27="RDC";$K27>0);$K27;0)	=SE(E($E27=AU$1;$H27="RDC";$B27>0);$B27;0)+SE(E($N27=AU$1;$Q27="RDC";$K27>0);$K27;0)	=SE(E($E27=AV$1;$H27="RDC";$B27>0);$B27;0)+SE(E($N27=AV$1;$Q27="RDC";$K27>0);$K27;0)	=SE(E($E27=AW$1;$H27="RDC";$B27>0);$B27;0)+SE(E($N27=AW$1;$Q27="RDC";$K27>0);$K27;0)	=SE(E($E27=AX$1;$H27="RDC";$B27>0);$B27;0)+SE(E($N27=AX$1;$Q27="RDC";$K27>0);$K27;0)	=SE(E($E27=AY$1;$H27="RDC";$B27>0);$B27;0)+SE(E($N27=AY$1;$Q27="RDC";$K27>0);$K27;0)	=SE(E($E27=AZ$1;$H27="RDC";$B27>0);$B27;0)+SE(E($N27=AZ$1;$Q27="RDC";$K27>0);$K27;0)	=SE(E($E27=BA$1;$H27="RDC";$B27>0);$B27;0)+SE(E($N27=BA$1;$Q27="RDC";$K27>0);$K27;0)	=SE(E($E27=BB$1;$H27="RDC";$B27>0);$B27;0)+SE(E($N27=BB$1;$Q27="RDC";$K27>0);$K27;0)
150,55	135,5	123,17	12,32	10	10	15,06	DC	0	81,5	73,35	60,12	13,23	22	10	8,15	DC		0	0	0	0	0	0	0	=SE(E($E28=Z$1;$H28="DC";$B28>0);$B28;0)+SE(E($N28=Z$1;$Q28="DC";$K28>0);$K28;0)	=SE(E($E28=AA$1;$H28="DC";$B28>0);$B28;0)+SE(E($N28=AA$1;$Q28="DC";$K28>0);$K28;0)	=SE(E($E28=AB$1;$H28="DC";$B28>0);$B28;0)+SE(E($N28=AB$1;$Q28="DC";$K28>0);$K28;0)	=SE(E($E28=AC$1;$H28="DC";$B28>0);$B28;0)+SE(E($N28=AC$1;$Q28="DC";$K28>0);$K28;0)	=SE(E($E28=AD$1;$H28="DC";$B28>0);$B28;0)+SE(E($N28=AD$1;$Q28="DC";$K28>0);$K28;0)	=SE(E($E28=AE$1;$H28="DC";$B28>0);$B28;0)+SE(E($N28=AE$1;$Q28="DC";$K28>0);$K28;0)	=SE(E($E28=AF$1;$H28="DC";$B28>0);$B28;0)+SE(E($N28=AF$1;$Q28="DC";$K28>0);$K28;0)	=SE(E($E28=AG$1;$H28="DC";$B28>0);$B28;0)+SE(E($N28=AG$1;$Q28="DC";$K28>0);$K28;0)	=SE(E($E28=AH$1;$H28="DC";$B28>0);$B28;0)+SE(E($N28=AH$1;$Q28="DC";$K28>0);$K28;0)		=SE(E($E28=AJ$1;$H28="ADC";$B28>0);$B28;0)+SE(E($N28=AJ$1;$Q28="ADC";$K28>0);$K28;0)	=SE(E($E28=AK$1;$H28="ADC";$B28>0);$B28;0)+SE(E($N28=AK$1;$Q28="ADC";$K28>0);$K28;0)	=SE(E($E28=AL$1;$H28="ADC";$B28>0);$B28;0)+SE(E($N28=AL$1;$Q28="ADC";$K28>0);$K28;0)	=SE(E($E28=AM$1;$H28="ADC";$B28>0);$B28;0)+SE(E($N28=AM$1;$Q28="ADC";$K28>0);$K28;0)	=SE(E($E28=AN$1;$H28="ADC";$B28>0);$B28;0)+SE(E($N28=AN$1;$Q28="ADC";$K28>0);$K28;0)	=SE(E($E28=AO$1;$H28="ADC";$B28>0);$B28;0)+SE(E($N28=AO$1;$Q28="ADC";$K28>0);$K28;0)	=SE(E($E28=AP$1;$H28="ADC";$B28>0);$B28;0)+SE(E($N28=AP$1;$Q28="ADC";$K28>0);$K28;0)	=SE(E($E28=AQ$1;$H28="ADC";$B28>0);$B28;0)+SE(E($N28=AQ$1;$Q28="ADC";$K28>0);$K28;0)	=SE(E($E28=AR$1;$H28="ADC";$B28>0);$B28;0)+SE(E($N28=AR$1;$Q28="ADC";$K28>0);$K28;0)		=SE(E($E28=AT$1;$H28="RDC";$B28>0);$B28;0)+SE(E($N28=AT$1;$Q28="RDC";$K28>0);$K28;0)	=SE(E($E28=AU$1;$H28="RDC";$B28>0);$B28;0)+SE(E($N28=AU$1;$Q28="RDC";$K28>0);$K28;0)	=SE(E($E28=AV$1;$H28="RDC";$B28>0);$B28;0)+SE(E($N28=AV$1;$Q28="RDC";$K28>0);$K28;0)	=SE(E($E28=AW$1;$H28="RDC";$B28>0);$B28;0)+SE(E($N28=AW$1;$Q28="RDC";$K28>0);$K28;0)	=SE(E($E28=AX$1;$H28="RDC";$B28>0);$B28;0)+SE(E($N28=AX$1;$Q28="RDC";$K28>0);$K28;0)	=SE(E($E28=AY$1;$H28="RDC";$B28>0);$B28;0)+SE(E($N28=AY$1;$Q28="RDC";$K28>0);$K28;0)	=SE(E($E28=AZ$1;$H28="RDC";$B28>0);$B28;0)+SE(E($N28=AZ$1;$Q28="RDC";$K28>0);$K28;0)	=SE(E($E28=BA$1;$H28="RDC";$B28>0);$B28;0)+SE(E($N28=BA$1;$Q28="RDC";$K28>0);$K28;0)	=SE(E($E28=BB$1;$H28="RDC";$B28>0);$B28;0)+SE(E($N28=BB$1;$Q28="RDC";$K28>0);$K28;0)
0	208,84	183,3	25,55	0	0	0	TOTALE	0	0	0	0	0	0	0	0	0		100	50	58,85	208,84	-0,01	58,85	0	=SE(E($E29=Z$1;$H29="DC";$B29>0);$B29;0)+SE(E($N29=Z$1;$Q29="DC";$K29>0);$K29;0)	=SE(E($E29=AA$1;$H29="DC";$B29>0);$B29;0)+SE(E($N29=AA$1;$Q29="DC";$K29>0);$K29;0)	=SE(E($E29=AB$1;$H29="DC";$B29>0);$B29;0)+SE(E($N29=AB$1;$Q29="DC";$K29>0);$K29;0)	=SE(E($E29=AC$1;$H29="DC";$B29>0);$B29;0)+SE(E($N29=AC$1;$Q29="DC";$K29>0);$K29;0)	=SE(E($E29=AD$1;$H29="DC";$B29>0);$B29;0)+SE(E($N29=AD$1;$Q29="DC";$K29>0);$K29;0)	=SE(E($E29=AE$1;$H29="DC";$B29>0);$B29;0)+SE(E($N29=AE$1;$Q29="DC";$K29>0);$K29;0)	=SE(E($E29=AF$1;$H29="DC";$B29>0);$B29;0)+SE(E($N29=AF$1;$Q29="DC";$K29>0);$K29;0)	=SE(E($E29=AG$1;$H29="DC";$B29>0);$B29;0)+SE(E($N29=AG$1;$Q29="DC";$K29>0);$K29;0)	=SE(E($E29=AH$1;$H29="DC";$B29>0);$B29;0)+SE(E($N29=AH$1;$Q29="DC";$K29>0);$K29;0)		=SE(E($E29=AJ$1;$H29="ADC";$B29>0);$B29;0)+SE(E($N29=AJ$1;$Q29="ADC";$K29>0);$K29;0)	=SE(E($E29=AK$1;$H29="ADC";$B29>0);$B29;0)+SE(E($N29=AK$1;$Q29="ADC";$K29>0);$K29;0)	=SE(E($E29=AL$1;$H29="ADC";$B29>0);$B29;0)+SE(E($N29=AL$1;$Q29="ADC";$K29>0);$K29;0)	=SE(E($E29=AM$1;$H29="ADC";$B29>0);$B29;0)+SE(E($N29=AM$1;$Q29="ADC";$K29>0);$K29;0)	=SE(E($E29=AN$1;$H29="ADC";$B29>0);$B29;0)+SE(E($N29=AN$1;$Q29="ADC";$K29>0);$K29;0)	=SE(E($E29=AO$1;$H29="ADC";$B29>0);$B29;0)+SE(E($N29=AO$1;$Q29="ADC";$K29>0);$K29;0)	=SE(E($E29=AP$1;$H29="ADC";$B29>0);$B29;0)+SE(E($N29=AP$1;$Q29="ADC";$K29>0);$K29;0)	=SE(E($E29=AQ$1;$H29="ADC";$B29>0);$B29;0)+SE(E($N29=AQ$1;$Q29="ADC";$K29>0);$K29;0)	=SE(E($E29=AR$1;$H29="ADC";$B29>0);$B29;0)+SE(E($N29=AR$1;$Q29="ADC";$K29>0);$K29;0)		=SE(E($E29=AT$1;$H29="RDC";$B29>0);$B29;0)+SE(E($N29=AT$1;$Q29="RDC";$K29>0);$K29;0)	=SE(E($E29=AU$1;$H29="RDC";$B29>0);$B29;0)+SE(E($N29=AU$1;$Q29="RDC";$K29>0);$K29;0)	=SE(E($E29=AV$1;$H29="RDC";$B29>0);$B29;0)+SE(E($N29=AV$1;$Q29="RDC";$K29>0);$K29;0)	=SE(E($E29=AW$1;$H29="RDC";$B29>0);$B29;0)+SE(E($N29=AW$1;$Q29="RDC";$K29>0);$K29;0)	=SE(E($E29=AX$1;$H29="RDC";$B29>0);$B29;0)+SE(E($N29=AX$1;$Q29="RDC";$K29>0);$K29;0)	=SE(E($E29=AY$1;$H29="RDC";$B29>0);$B29;0)+SE(E($N29=AY$1;$Q29="RDC";$K29>0);$K29;0)	=SE(E($E29=AZ$1;$H29="RDC";$B29>0);$B29;0)+SE(E($N29=AZ$1;$Q29="RDC";$K29>0);$K29;0)	=SE(E($E29=BA$1;$H29="RDC";$B29>0);$B29;0)+SE(E($N29=BA$1;$Q29="RDC";$K29>0);$K29;0)	=SE(E($E29=BB$1;$H29="RDC";$B29>0);$B29;0)+SE(E($N29=BB$1;$Q29="RDC";$K29>0);$K29;0)
																																																					
																																																					
	590,27																																																				
																			=SOMMA(Z33:AH33)					Importo	=SOMMA(Z2:Z29)	=SOMMA(AA2:AA29)	=SOMMA(AB2:AB29)	=SOMMA(AC2:AC29)	=SOMMA(AD2:AD29)	=SOMMA(AE2:AE29)	=SOMMA(AF2:AF29)	=SOMMA(AG2:AG29)	=SOMMA(AH2:AH29)		=SOMMA(AJ2:AJ29)	=SOMMA(AK2:AK29)	=SOMMA(AL2:AL29)	=SOMMA(AM2:AM29)	=SOMMA(AN2:AN29)	=SOMMA(AO2:AO29)	=SOMMA(AP2:AP29)	=SOMMA(AQ2:AQ29)	=SOMMA(AR2:AR29)		=SOMMA(AT2:AT29)	0	0	42,3	40,61	0	0	0	0
																								imponibile	=Z33*100/(100+Z1)	=AA33*100/(100+AA1)	=AB33*100/(100+AB1)	0	0	0	0	0	0		=AJ33*100/(100+AJ1)	=AK33*100/(100+AK1)	=AL33*100/(100+AL1)	0	0	0	0	0	0		=AT33*100/(100+AT1)	=AU33*100/(100+AU1)	=AV33*100/(100+AV1)	0	0	0	0	0	0
																								Iva o Natura	=Z1	=AA1	=AB1	0	0	0	0	0	0		=AJ1	=AK1	=AL1	0	0	0	0	0	0		=AT1	=AU1	=AV1	0	0	0	0	0	0
																								Imposta	=ARROTONDA(Z34*Z35/100;2)	=ARROTONDA(AA34*AA35/100;2)	=ARROTONDA(AB34*AB35/100;2)	0	0	0	0	0	0		=ARROTONDA(AJ34*AJ35/100;2)	=ARROTONDA(AK34*AK35/100;2)	=ARROTONDA(AL34*AL35/100;2)	0	0	0	0	0	0		=ARROTONDA(AT34*AT35/100;2)	=ARROTONDA(AU34*AU35/100;2)	=ARROTONDA(AV34*AV35/100;2)	42,3	40,61	0	0	0	0
																																																					
																								Imposta Calcolata	=Z36-AJ36-AT36	=AA36-AK36-AU36	=AB36-AL36-AV36																										
